Filename,Name,Type,Has_X,Has_Y,Has_Alpha,Has_CL,Error
2032c.dat,20-32C AIRFOIL,coordinates,Yes,Yes,No,No,
30p-30n.dat,# McDonnell Douglas (MDA) 30P-30N Coordinates,coordinates,Yes,Yes,No,No,
a18.dat,A18 (original),coordinates,Yes,Yes,No,No,
a18sm.dat,A18 (smoothed),coordinates,Yes,Yes,No,No,
a63a108c.dat,NASA/AMES 63A108 MOD C AIRFOIL,coordinates,Yes,Yes,No,No,
ag03.dat,AG03 (flat aft bottom),coordinates,Yes,Yes,No,No,
ag04.dat,AG04,coordinates,Yes,Yes,No,No,
ag08.dat,AG08,coordinates,Yes,Yes,No,No,
ag09.dat,AG09,coordinates,Yes,Yes,No,No,
ag10.dat,AG10,coordinates,Yes,Yes,No,No,
ag11.dat,AG11,coordinates,Yes,Yes,No,No,
ag12.dat,AG12,coordinates,Yes,Yes,No,No,
ag13.dat,AG13,coordinates,Yes,Yes,No,No,
ag14.dat,AG14,coordinates,Yes,Yes,No,No,
ag16.dat,AG16,coordinates,Yes,Yes,No,No,
ag17.dat,AG17,coordinates,Yes,Yes,No,No,
ag18.dat,AG18,coordinates,Yes,Yes,No,No,
ag19.dat,AG19,coordinates,Yes,Yes,No,No,
ag23.dat,AG23 XC Bubble Dancer Root Airfoil,coordinates,Yes,Yes,No,No,
ag24.dat,AG24 Bubble Dancer DLG by Mark Drela | The AG2x airfoils are intended to be used on composite versions of the Bubble Dancer and the Allegro-Lite.,coordinates,Yes,Yes,No,No,
ag25.dat,AG25 Bubble Dancer DLG by Mark Drela | The AG2x airfoils are intended to be used on composite versions of the Bubble Dancer and the Allegro-Lite.,coordinates,Yes,Yes,No,No,
ag26.dat,AG26 Bubble Dancer DLG by Mark Drela | The AG2x airfoils are intended to be used on composite versions of the Bubble Dancer and the Allegro-Lite.,coordinates,Yes,Yes,No,No,
ag27.dat,AG27 Bubble Dancer DLG by Mark Drela | The AG2x airfoils are intended to be used on composite versions of the Bubble Dancer and the Allegro-Lite.,coordinates,Yes,Yes,No,No,
ag35.dat,AG35,coordinates,Yes,Yes,No,No,
ag36.dat,AG36,coordinates,Yes,Yes,No,No,
ag37.dat,AG37,coordinates,Yes,Yes,No,No,
ag38.dat,AG38,coordinates,Yes,Yes,No,No,
ag44ct02r.dat,AG44ct -02f,coordinates,Yes,Yes,No,No,
ag455ct02r.dat,AG455ct -02f rot.,coordinates,Yes,Yes,No,No,
ag45c03.dat,AG45c -03f,coordinates,Yes,Yes,No,No,
ag45ct02r.dat,AG45ct -02f,coordinates,Yes,Yes,No,No,
ag46c03.dat,AG46c -03f,coordinates,Yes,Yes,No,No,
ag46ct02r.dat,AG46ct  -02f rot.,coordinates,Yes,Yes,No,No,
ag47c03.dat,AG47c -03f,coordinates,Yes,Yes,No,No,
ag47ct02r.dat,AG47ct  -02f rot.,coordinates,Yes,Yes,No,No,
ag52.dat,AG52,coordinates,Yes,Yes,No,No,
ag53.dat,AG53,coordinates,Yes,Yes,No,No,
ag54.dat,AG54,coordinates,Yes,Yes,No,No,
ag55.dat,AG55,coordinates,Yes,Yes,No,No,
ah21-7.dat,AH21 7% version (Andrew Hollom),coordinates,Yes,Yes,No,No,
ah21-9.dat,AH21 9% version (Andrew Hollom),coordinates,Yes,Yes,No,No,
ah63k127.dat,AH 63-K-127/24,coordinates,Yes,Yes,No,No,
ah6407.dat,AH-6-40-7 AIRFOIL,coordinates,Yes,Yes,No,No,
ah7476.dat,AH-7-47-6 AIRFOIL,coordinates,Yes,Yes,No,No,
ah79100a.dat,AH 79-100 A AIRFOIL,coordinates,Yes,Yes,No,No,
ah79100b.dat,AH 79-100 B AIRFOIL,coordinates,Yes,Yes,No,No,
ah79100c.dat,AH 79-100 C AIRFOIL,coordinates,Yes,Yes,No,No,
ah79k132.dat,AH 79-K-132/20,coordinates,Yes,Yes,No,No,
ah79k135.dat,AH 79-K-135/20 B,coordinates,Yes,Yes,No,No,
ah79k143.dat,AH 79-K-143/18,coordinates,Yes,Yes,No,No,
ah80129.dat,AH 80-129,coordinates,Yes,Yes,No,No,
ah80136.dat,AH 80-136,coordinates,Yes,Yes,No,No,
ah80140.dat,AH 80-140,coordinates,Yes,Yes,No,No,
ah81131.dat,AH 81-131,coordinates,Yes,Yes,No,No,
ah81k144.dat,AH 81-K-144/17,coordinates,Yes,Yes,No,No,
ah81k144wfKlappe.dat,AH 81-K-144 W-F KLAPPE,coordinates,Yes,Yes,No,No,
ah82150a.dat,AH 82-150 A,coordinates,Yes,Yes,No,No,
ah82150f.dat,AH 82-150 F,coordinates,Yes,Yes,No,No,
ah83150q.dat,AH 83-150 Q,coordinates,Yes,Yes,No,No,
ah83159.dat,AH 83-159,coordinates,Yes,Yes,No,No,
ah85l120.dat,AH 85-L-120/17,coordinates,Yes,Yes,No,No,
ah88k130.dat,AH 88-K-130/20,coordinates,Yes,Yes,No,No,
ah88k136.dat,AH 88-K-136/16,coordinates,Yes,Yes,No,No,
ah93156.dat,AH 93-156,coordinates,Yes,Yes,No,No,
ah93157.dat,AH 93-157,coordinates,Yes,Yes,No,No,
ah93k130.dat,AH 93-K-130/15,coordinates,Yes,Yes,No,No,
ah93k131.dat,AH 93-K-131/15,coordinates,Yes,Yes,No,No,
ah93k132.dat,AH 93-K-132/15,coordinates,Yes,Yes,No,No,
ah93w145.dat,AH 93-W-145,coordinates,Yes,Yes,No,No,
ah93w174.dat,AH 93-W-174,coordinates,Yes,Yes,No,No,
ah93w215.dat,AH 93-W-215,coordinates,Yes,Yes,No,No,
ah93w257.dat,AH 93-W-257,coordinates,Yes,Yes,No,No,
ah93w300.dat,AH 93-W-300,coordinates,Yes,Yes,No,No,
ah93w480b.dat,AH 93-W-480B,coordinates,Yes,Yes,No,No,
ah94145.dat,AH 94-145,coordinates,Yes,Yes,No,No,
ah94156.dat,AH 94-156,coordinates,Yes,Yes,No,No,
ah94w301.dat,AH 94-W-301,coordinates,Yes,Yes,No,No,
ah95160.dat,AH 95-160,coordinates,Yes,Yes,No,No,
ames01.dat,NASA/AMES A-01 AIRFOIL,coordinates,Yes,Yes,No,No,
ames02.dat,NASA/AMES A-02 AIRFOIL,coordinates,Yes,Yes,No,No,
ames03.dat,NASA/AMES A-03 AIRFOIL,coordinates,Yes,Yes,No,No,
amsoil1.dat,RUTAN CANARD AIRFOIL,coordinates,Yes,Yes,No,No,
amsoil2.dat,RUTAN WING AIRFOIL,coordinates,Yes,Yes,No,No,
apex16.dat,Apex 16 (normalized using XFOIL date021206),coordinates,Yes,Yes,No,No,
apex16_NASA_CR-201062.dat,APEX 16,coordinates,Yes,Yes,No,No,
aquilasm.dat,AQUILA 9.3% smoothed,coordinates,Yes,Yes,No,No,
arad10.dat,ARA-D 10% AIRFOIL,coordinates,Yes,Yes,No,No,
arad13.dat,ARA-D 13% AIRFOIL,coordinates,Yes,Yes,No,No,
arad20.dat,ARA-D 20% AIRFOIL,coordinates,Yes,Yes,No,No,
arad6.dat,ARA-D 6% AIRFOIL,coordinates,Yes,Yes,No,No,
as5045.dat,AS5045 (15%) | Ref: http://www.krnet.org/as504x/ [original link: http://amber.aae.uiuc.edu/~ashok/kr2/airfoils/tests/],coordinates,Yes,Yes,No,No,
as5046.dat,AS5046 (16%) | Ref: http://www.krnet.org/as504x/ [original link: http://amber.aae.uiuc.edu/~ashok/kr2/airfoils/tests/],coordinates,Yes,Yes,No,No,
as5048.dat,AS5048 (18%) | Ref: http://www.krnet.org/as504x/ [original link: http://amber.aae.uiuc.edu/~ashok/kr2/airfoils/tests/],coordinates,Yes,Yes,No,No,
as6091.dat,AS6091 | Ananda-Selig | AIAA Paper 2018-0310,coordinates,Yes,Yes,No,No,
as6092.dat,AS6092 | Ananda-Selig | AIAA Paper 2018-0310,coordinates,Yes,Yes,No,No,
as6093.dat,AS6093 | Ananda-Selig | AIAA Paper 2018-0310,coordinates,Yes,Yes,No,No,
as6094.dat,AS6094 | Ananda-Selig | AIAA Paper 2018-0310,coordinates,Yes,Yes,No,No,
as6095.dat,AS6095 | Ananda-Selig | AIAA Paper 2018-0310,coordinates,Yes,Yes,No,No,
as6096.dat,AS6096 | Ananda-Selig | AIAA Paper 2018-0310,coordinates,Yes,Yes,No,No,
as6097.dat,AS6097 | Ananda-Selig | AIAA Paper 2018-0310,coordinates,Yes,Yes,No,No,
as6098.dat,AS6098 | Ananda-Selig | AIAA Paper 2018-0310,coordinates,Yes,Yes,No,No,
as6099.dat,AS6099 | Ananda-Selig | AIAA Paper 2018-0310,coordinates,Yes,Yes,No,No,
atr72sm.dat,Smoothed ATR airfoil coordinates obtained  using AFSMO (Harry Morgan's NASA smoothing program),coordinates,Yes,Yes,No,No,
august160.dat,AUGUST 160,coordinates,Yes,Yes,No,No,
avistar.dat,AVISTAR,coordinates,Yes,Yes,No,No,
b29root.dat,B-29 ROOT AIRFOIL,coordinates,Yes,Yes,No,No,
b29tip.dat,B-29 TIP AIRFOIL,coordinates,Yes,Yes,No,No,
b540ols.dat,BELL 540 AIRFOIL (MODIFIED NACA 0012),coordinates,Yes,Yes,No,No,
b707a.dat,BOEING 707 .08 SPAN AIRFOIL,coordinates,Yes,Yes,No,No,
b707b.dat,BOEING 707 .19 SPAN AIRFOIL,coordinates,Yes,Yes,No,No,
b707c.dat,BOEING 707 .40 SPAN AIRFOIL,coordinates,Yes,Yes,No,No,
b707d.dat,BOEING 707 .54 SPAN AIRFOIL,coordinates,Yes,Yes,No,No,
b707e.dat,BOEING 707 .99 SPAN AIRFOIL,coordinates,Yes,Yes,No,No,
b737a.dat,BOEING 737 ROOT AIRFOIL,coordinates,Yes,Yes,No,No,
b737b.dat,BOEING 737 MIDSPAN AIRFOIL,coordinates,Yes,Yes,No,No,
b737c.dat,BOEING 737 MIDSPAN AIRFOIL,coordinates,Yes,Yes,No,No,
b737d.dat,BOEING 737 OUTBOARD AIRFOIL,coordinates,Yes,Yes,No,No,
bacj.dat,BOEING AIRFOIL J,coordinates,Yes,Yes,No,No,
bacnlf.dat,BOEING HSNLF AIRFOIL,coordinates,Yes,Yes,No,No,
bacxxx.dat,BOEING BACXXX AIRFOIL,coordinates,Yes,Yes,No,No,
bambino6.dat,Bambino 6,coordinates,Yes,Yes,No,No,
be50.dat,BE50 (original),coordinates,Yes,Yes,No,No,
be50sm.dat,BE50 (smoothed),coordinates,Yes,Yes,No,No,
boe103.dat,BOEING 103 AIRFOIL,coordinates,Yes,Yes,No,No,
boe106.dat,BOEING 106 AIRFOIL,coordinates,Yes,Yes,No,No,
bqm34.dat,RYAN BQM-34 FIREBEE WING AIRFOIL,coordinates,Yes,Yes,No,No,
bte-fk.dat,BTE-FK,coordinates,Yes,Yes,No,No,
bw050209.dat,BW 05 02 09,coordinates,Yes,Yes,No,No,
bw3.dat,Bergey BW-3  (smoothed),coordinates,Yes,Yes,No,No,
c141a.dat,LOCKHEED C-141 BL0 AIRFOIL,coordinates,Yes,Yes,No,No,
c141b.dat,LOCKHEED C-141 BL113.6 AIRFOIL,coordinates,Yes,Yes,No,No,
c141c.dat,LOCKHEED C-141 BL426.57 AIRFOIL,coordinates,Yes,Yes,No,No,
c141d.dat,LOCKHEED C-141 BL610.61 AIRFOIL,coordinates,Yes,Yes,No,No,
c141e.dat,LOCKHEED C-141 BL761.11 AIRFOIL,coordinates,Yes,Yes,No,No,
c141f.dat,LOCKHEED C-141 BL958.89 AIRFOIL,coordinates,Yes,Yes,No,No,
c5a.dat,LOCKHEED C-5A BL0 AIRFOIL,coordinates,Yes,Yes,No,No,
c5b.dat,LOCKHEED C-5A BL488.2 AIRFOIL,coordinates,Yes,Yes,No,No,
c5c.dat,LOCKHEED C-5A BL576 AIRFOIL,coordinates,Yes,Yes,No,No,
c5d.dat,LOCKHEED C-5A BL758.6 AIRFOIL,coordinates,Yes,Yes,No,No,
c5e.dat,LOCKHEED C-5A BL1256 AIRFOIL,coordinates,Yes,Yes,No,No,
cal1215j.dat,CAL1215j,coordinates,Yes,Yes,No,No,
cal2263m.dat,CAL2263m,coordinates,Yes,Yes,No,No,
cal4014l.dat,CAL4014l,coordinates,Yes,Yes,No,No,
cap21c.dat,CAP 21   (TraCFoil),coordinates,Yes,Yes,No,No,
cast102.dat,CAST 10-2/DOA 2 AIRFOIL,coordinates,Yes,Yes,No,No,
ch10sm.dat,CH10 (smoothed),coordinates,Yes,Yes,No,No,
chen.dat,CHEN AIRFOIL,coordinates,Yes,Yes,No,No,
clarkk.dat,CLARK K AIRFOIL,coordinates,Yes,Yes,No,No,
clarkv.dat,CLARK V AIRFOIL,coordinates,Yes,Yes,No,No,
clarkw.dat,CLARK W AIRFOIL,coordinates,Yes,Yes,No,No,
clarkx.dat,CLARK X AIRFOIL,coordinates,Yes,Yes,No,No,
clarky.dat,CLARK Y AIRFOIL,coordinates,Yes,Yes,No,No,
clarkyh.dat,CLARK YH AIRFOIL,coordinates,Yes,Yes,No,No,
clarkys.dat,CLARK YS AIRFOIL,coordinates,Yes,Yes,No,No,
clarkysm.dat,CLARK-Y 11.7% smoothed,coordinates,Yes,Yes,No,No,
clarkz.dat,CLARK Z AIRFOIL,coordinates,Yes,Yes,No,No,
clarym15.dat,CLARK YM-15 AIRFOIL,coordinates,Yes,Yes,No,No,
clarym18.dat,CLARK YM-18 AIRFOIL,coordinates,Yes,Yes,No,No,
coanda1.dat,Coanda 1,coordinates,Yes,Yes,No,No,
coanda2.dat,Coanda 2,coordinates,Yes,Yes,No,No,
coanda3.dat,Coanda 3,coordinates,Yes,Yes,No,No,
cootie.dat,WACO COOTIE AIRFOIL,coordinates,Yes,Yes,No,No,
cr001sm.dat,cr001sm,coordinates,Yes,Yes,No,No,
cr1.dat,CURTISS CR-1 AIRFOIL,coordinates,Yes,Yes,No,No,
curtisc72.dat,Curtis C-72,coordinates,Yes,Yes,No,No,
dae11.dat,DAE-11 AIRFOIL,coordinates,Yes,Yes,No,No,
dae21.dat,DAE-21 AIRFOIL,coordinates,Yes,Yes,No,No,
dae31.dat,DAE-31 AIRFOIL,coordinates,Yes,Yes,No,No,
dae51.dat,DAE-51 AIRFOIL,coordinates,Yes,Yes,No,No,
davis.dat,Davis AIRFOIL,coordinates,Yes,Yes,No,No,
davis_corrected.dat,DAVIS BASIC B-24 WING AIRFOIL,coordinates,Yes,Yes,No,No,
davissm.dat,davissm,coordinates,Yes,Yes,No,No,
daytonwright6.dat,Dayton-Wright 6,coordinates,Yes,Yes,No,No,
daytonwrightt1.dat,Dayton-Wright T-1,coordinates,Yes,Yes,No,No,
dbln526.dat,SIKORSKY DBLN-526 AIRFOIL,coordinates,Yes,Yes,No,No,
defcnd1.dat,DEFIANT CANARD BL20 AIRFOIL,coordinates,Yes,Yes,No,No,
defcnd2.dat,DEFIANT CANARD BL110 AIRFOIL,coordinates,Yes,Yes,No,No,
defcnd3.dat,DEFIANT CANARD BL145 AIRFOIL,coordinates,Yes,Yes,No,No,
df101.dat,DF 101 AIRFOIL,coordinates,Yes,Yes,No,No,
df102.dat,DF102,coordinates,Yes,Yes,No,No,
dfvlrr4.dat,DFVLR R-4 AIRFOIL,coordinates,Yes,Yes,No,No,
dga1138.dat,D.G.A. 1138,coordinates,Yes,Yes,No,No,
dga1182.dat,D.G.A. 1182,coordinates,Yes,Yes,No,No,
dh4009sm.dat,dh4009sm,coordinates,Yes,Yes,No,No,
doa5.dat,DORNIER A-5 AIRFOIL,coordinates,Yes,Yes,No,No,
dormoy.dat,Dormoy,coordinates,Yes,Yes,No,No,
drgnfly.dat,DRAGONFLY CANARD,coordinates,Yes,Yes,No,No,
ds19.dat,DS19 Joe Wurts,coordinates,Yes,Yes,No,No,
ds21.dat,DS21 Joe Wurts,coordinates,Yes,Yes,No,No,
dsma523a.dat,DSMA-523A AIRFOIL,coordinates,Yes,Yes,No,No,
dsma523b.dat,DSMA-523B AIRFOIL,coordinates,Yes,Yes,No,No,
du-80-141.dat,DU 80-141,coordinates,Yes,Yes,No,No,
du-80-176-v1.dat,DU 80-176 V1,coordinates,Yes,Yes,No,No,
du84132v.dat,DELFT DU84-132V3 AIRFOIL (MEASURED),coordinates,Yes,Yes,No,No,
du8608418.dat,DU86-084/18 8.44%,coordinates,Yes,Yes,No,No,
du861372.dat,DU 86-137/25 AIRFOIL,coordinates,Yes,Yes,No,No,
e1098.dat,EPPLER 1098 AIRFOIL,coordinates,Yes,Yes,No,No,
e1200.dat,EPPLER 1200 AIRFOIL,coordinates,Yes,Yes,No,No,
e1210.dat,EPPLER 1210 AIRFOIL,coordinates,Yes,Yes,No,No,
e1211.dat,EPPLER 1211 AIRFOIL,coordinates,Yes,Yes,No,No,
e1212.dat,EPPLER E1212 AIRFOIL,coordinates,Yes,Yes,No,No,
e1212mod.dat,EPPLER E1212MOD AIRFOIL,coordinates,Yes,Yes,No,No,
e1213.dat,EPPLER 1213 AIRFOIL,coordinates,Yes,Yes,No,No,
e1214.dat,EPPLER 1214 AIRFOIL,coordinates,Yes,Yes,No,No,
e1230.dat,EPPLER 1230 AIRFOIL,coordinates,Yes,Yes,No,No,
e1233.dat,EPPLER 1233 AIRFOIL,coordinates,Yes,Yes,No,No,
e168.dat,E168  (12.45%),coordinates,Yes,Yes,No,No,
e169.dat,E169  (14.4%),coordinates,Yes,Yes,No,No,
e171.dat,(Dicke 12.28%),coordinates,Yes,Yes,No,No,
e174.dat,E174  (Dicke 8.92%),coordinates,Yes,Yes,No,No,
e176.dat,E176  (8.83%),coordinates,Yes,Yes,No,No,
e178.dat,E178  (8.69%),coordinates,Yes,Yes,No,No,
e180.dat,E180  (8.59%),coordinates,Yes,Yes,No,No,
e182.dat,E182 (8.47%),coordinates,Yes,Yes,No,No,
e184.dat,E184  (8.33%),coordinates,Yes,Yes,No,No,
e186.dat,E186  (10.27%),coordinates,Yes,Yes,No,No,
e193.dat,E193  (10.22%),coordinates,Yes,Yes,No,No,
e195.dat,E195  (11.82%),coordinates,Yes,Yes,No,No,
e197.dat,E197  (13.49%),coordinates,Yes,Yes,No,No,
e201.dat,E201  (11.88%),coordinates,Yes,Yes,No,No,
e203.dat,E203  (13.64%),coordinates,Yes,Yes,No,No,
e205.dat,E205  (10.48%),coordinates,Yes,Yes,No,No,
e207.dat,E207  (12.04%),coordinates,Yes,Yes,No,No,
e209.dat,E209  (13.72%),coordinates,Yes,Yes,No,No,
e210.dat,E210  (13.64%),coordinates,Yes,Yes,No,No,
e211.dat,E211  (10.96%),coordinates,Yes,Yes,No,No,
e212.dat,E212  (10.55%),coordinates,Yes,Yes,No,No,
e214.dat,E214  (11.1%),coordinates,Yes,Yes,No,No,
e216.dat,E216  (10.4%),coordinates,Yes,Yes,No,No,
e220.dat,E220  (11.48%),coordinates,Yes,Yes,No,No,
e221.dat,E221  (9.39%),coordinates,Yes,Yes,No,No,
e222.dat,E222  (10.17%),coordinates,Yes,Yes,No,No,
e224.dat,E224  (10.17%),coordinates,Yes,Yes,No,No,
e226.dat,E226  (10.19%),coordinates,Yes,Yes,No,No,
e228.dat,E10(08%),coordinates,Yes,Yes,No,No,
e230.dat,E230  (9.96%),coordinates,Yes,Yes,No,No,
e231.dat,E231,coordinates,Yes,Yes,No,No,
e266.dat,EPPLER 266 AIRFOIL,coordinates,Yes,Yes,No,No,
e297.dat,EPPLER 297 AIRFOIL,coordinates,Yes,Yes,No,No,
e325.dat,EPPLER 325 AIRFOIL,coordinates,Yes,Yes,No,No,
e326.dat,EPPLER 326 AIRFOIL,coordinates,Yes,Yes,No,No,
e327.dat,EPPLER 327 AIRFOIL,coordinates,Yes,Yes,No,No,
e328.dat,EPPLER 328 AIRFOIL,coordinates,Yes,Yes,No,No,
e329.dat,EPPLER 329 AIRFOIL,coordinates,Yes,Yes,No,No,
e330.dat,EPPLER 330 AIRFOIL,coordinates,Yes,Yes,No,No,
e331.dat,EPPLER 331 AIRFOIL,coordinates,Yes,Yes,No,No,
e332.dat,EPPLER 332 AIRFOIL,coordinates,Yes,Yes,No,No,
e333.dat,EPPLER 333 AIRFOIL,coordinates,Yes,Yes,No,No,
e334.dat,EPPLER 334 AIRFOIL,coordinates,Yes,Yes,No,No,
e335.dat,EPPLER 335 AIRFOIL,coordinates,Yes,Yes,No,No,
e336.dat,EPPLER 336 AIRFOIL,coordinates,Yes,Yes,No,No,
e337.dat,EPPLER 337 AIRFOIL,coordinates,Yes,Yes,No,No,
e338.dat,EPPLER 338 AIRFOIL,coordinates,Yes,Yes,No,No,
e339.dat,EPPLER 339 AIRFOIL,coordinates,Yes,Yes,No,No,
e340.dat,EPPLER 340 AIRFOIL,coordinates,Yes,Yes,No,No,
e341.dat,EPPLER 341 AIRFOIL,coordinates,Yes,Yes,No,No,
e342.dat,EPPLER 342 AIRFOIL,coordinates,Yes,Yes,No,No,
e343.dat,EPPLER 343 AIRFOIL,coordinates,Yes,Yes,No,No,
e344.dat,EPPLER 344 AIRFOIL,coordinates,Yes,Yes,No,No,
e360.dat,EPPLER 360 AIRFOIL,coordinates,Yes,Yes,No,No,
e361.dat,EPPLER 361 AIRFOIL,coordinates,Yes,Yes,No,No,
e374.dat,E374,coordinates,Yes,Yes,No,No,
e376.dat,EPPLER 376 AIRFOIL,coordinates,Yes,Yes,No,No,
e377.dat,EPPLER 377 AIRFOIL,coordinates,Yes,Yes,No,No,
e377m.dat,EPPLER 377 (MODIFIED) AIRFOIL,coordinates,Yes,Yes,No,No,
e378.dat,EPPLER 378 AIRFOIL,coordinates,Yes,Yes,No,No,
e379.dat,EPPLER 379 AIRFOIL,coordinates,Yes,Yes,No,No,
e385.dat,E385  (8.41%),coordinates,Yes,Yes,No,No,
e387.dat,E387,coordinates,Yes,Yes,No,No,
e392.dat,E392  (10.15%),coordinates,Yes,Yes,No,No,
e393.dat,EPPLER 393 AIRFOIL,coordinates,Yes,Yes,No,No,
e395.dat,EPPLER 395 AIRFOIL,coordinates,Yes,Yes,No,No,
e396.dat,EPPLER 396 AIRFOIL,coordinates,Yes,Yes,No,No,
e397.dat,EPPLER 397 AIRFOIL,coordinates,Yes,Yes,No,No,
e398.dat,EPPLER 398 AIRFOIL,coordinates,Yes,Yes,No,No,
e399.dat,EPPLER 399 AIRFOIL,coordinates,Yes,Yes,No,No,
e403.dat,EPPLER 403 AIRFOIL,coordinates,Yes,Yes,No,No,
e407.dat,EPPLER 407 AIRFOIL,coordinates,Yes,Yes,No,No,
e417.dat,EPPLER 417 AIRFOIL,coordinates,Yes,Yes,No,No,
e420.dat,EPPLER 420 AIRFOIL,coordinates,Yes,Yes,No,No,
e421.dat,EPPLER 421 AIRFOIL,coordinates,Yes,Yes,No,No,
e422.dat,EPPLER 422 AIRFOIL,coordinates,Yes,Yes,No,No,
e423.dat,E423,coordinates,Yes,Yes,No,No,
e426.dat,EPPLER 426 AIRFOIL,coordinates,Yes,Yes,No,No,
e428.dat,EPPLER 428 AIRFOIL,coordinates,Yes,Yes,No,No,
e431.dat,EPPLER 431 AIRFOIL,coordinates,Yes,Yes,No,No,
e432.dat,EPPLER 432 AIRFOIL,coordinates,Yes,Yes,No,No,
e433.dat,EPPLER 433 AIRFOIL,coordinates,Yes,Yes,No,No,
e434.dat,EPPLER 434 AIRFOIL,coordinates,Yes,Yes,No,No,
e435.dat,EPPLER 435 AIRFOIL,coordinates,Yes,Yes,No,No,
e471.dat,E471  (6.25%),coordinates,Yes,Yes,No,No,
e472.dat,EPPLER 472 AIRFOIL,coordinates,Yes,Yes,No,No,
e473.dat,EPPLER 473 AIRFOIL,coordinates,Yes,Yes,No,No,
e474.dat,E474  (14.09%),coordinates,Yes,Yes,No,No,
e475.dat,E475  (15.01%),coordinates,Yes,Yes,No,No,
e476.dat,E476,coordinates,Yes,Yes,No,No,
e477.dat,E477,coordinates,Yes,Yes,No,No,
e478.dat,E487,coordinates,Yes,Yes,No,No,
e479.dat,EPPLER 479 AIRFOIL,coordinates,Yes,Yes,No,No,
e485.dat,EPPLER 485 AIRFOIL,coordinates,Yes,Yes,No,No,
e49.dat,EPPLER 49 AIRFOIL,coordinates,Yes,Yes,No,No,
e502.dat,EPPLER 502 AIRFOIL,coordinates,Yes,Yes,No,No,
e520.dat,EPPLER 520 AIRFOIL,coordinates,Yes,Yes,No,No,
e521.dat,EPPLER 521 AIRFOIL,coordinates,Yes,Yes,No,No,
e540.dat,EPPLER 540 AIRFOIL,coordinates,Yes,Yes,No,No,
e541.dat,EPPLER 541 AIRFOIL,coordinates,Yes,Yes,No,No,
e542.dat,EPPLER 542 AIRFOIL,coordinates,Yes,Yes,No,No,
e543.dat,EPPLER 543 AIRFOIL,coordinates,Yes,Yes,No,No,
e544.dat,EPPLER 544 AIRFOIL,coordinates,Yes,Yes,No,No,
e545.dat,EPPLER 545 AIRFOIL,coordinates,Yes,Yes,No,No,
e546.dat,EPPLER 546 AIRFOIL,coordinates,Yes,Yes,No,No,
e547.dat,EPPLER 547 AIRFOIL,coordinates,Yes,Yes,No,No,
e548.dat,EPPLER 548 AIRFOIL,coordinates,Yes,Yes,No,No,
e549.dat,EPPLER 549 AIRFOIL,coordinates,Yes,Yes,No,No,
e550.dat,EPPLER 550 AIRFOIL,coordinates,Yes,Yes,No,No,
e551.dat,EPPLER 551 AIRFOIL,coordinates,Yes,Yes,No,No,
e552.dat,EPPLER 552 AIRFOIL,coordinates,Yes,Yes,No,No,
e553.dat,EPPLER 553 AIRFOIL,coordinates,Yes,Yes,No,No,
e554.dat,EPPLER 554 AIRFOIL,coordinates,Yes,Yes,No,No,
e555.dat,EPPLER 555 AIRFOIL,coordinates,Yes,Yes,No,No,
e556.dat,EPPLER 556 AIRFOIL,coordinates,Yes,Yes,No,No,
e557.dat,EPPLER 557 AIRFOIL,coordinates,Yes,Yes,No,No,
e558.dat,EPPLER 558 AIRFOIL,coordinates,Yes,Yes,No,No,
e559.dat,EPPLER 559 AIRFOIL,coordinates,Yes,Yes,No,No,
e560.dat,EPPLER 560 AIRFOIL,coordinates,Yes,Yes,No,No,
e561.dat,EPPLER 561 AIRFOIL,coordinates,Yes,Yes,No,No,
e562.dat,EPPLER 562 AIRFOIL,coordinates,Yes,Yes,No,No,
e58.dat,EPPLER 58 AIRFOIL,coordinates,Yes,Yes,No,No,
e580.dat,EPPLER 580 AIRFOIL,coordinates,Yes,Yes,No,No,
e582.dat,EPPLER 582 AIRFOIL,coordinates,Yes,Yes,No,No,
e583.dat,EPPLER 583 AIRFOIL,coordinates,Yes,Yes,No,No,
e584.dat,EPPLER 584 AIRFOIL,coordinates,Yes,Yes,No,No,
e585.dat,EPPLER 585 AIRFOIL,coordinates,Yes,Yes,No,No,
e587.dat,EPPLER 587 AIRFOIL,coordinates,Yes,Yes,No,No,
e59.dat,EPPLER 59 AIRFOIL,coordinates,Yes,Yes,No,No,
e591.dat,E591,coordinates,Yes,Yes,No,No,
e593.dat,EPPLER 593 AIRFOIL,coordinates,Yes,Yes,No,No,
e598.dat,EPPLER 598 AIRFOIL,coordinates,Yes,Yes,No,No,
e603.dat,EPPLER 603 AIRFOIL,coordinates,Yes,Yes,No,No,
e604.dat,EPPLER 604 AIRFOIL,coordinates,Yes,Yes,No,No,
e61.dat,E61  (5.64%),coordinates,Yes,Yes,No,No,
e62.dat,E62  (5.62%),coordinates,Yes,Yes,No,No,
e625.dat,EPPLER 625 AIRFOIL,coordinates,Yes,Yes,No,No,
e63.dat,E63  (4.25%),coordinates,Yes,Yes,No,No,
e635.dat,EPPLER 635 AIRFOIL,coordinates,Yes,Yes,No,No,
e636.dat,EPPLER 636 AIRFOIL,coordinates,Yes,Yes,No,No,
e637.dat,EPPLER 637 AIRFOIL,coordinates,Yes,Yes,No,No,
e638.dat,EPPLER 638 AIRFOIL,coordinates,Yes,Yes,No,No,
e639.dat,EPPLER 639 AIRFOIL,coordinates,Yes,Yes,No,No,
e64.dat,E64  (8.45%),coordinates,Yes,Yes,No,No,
e642.dat,EPPLER 642 AIRFOIL,coordinates,Yes,Yes,No,No,
e654.dat,EPPLER 654 AIRFOIL,coordinates,Yes,Yes,No,No,
e655.dat,EPPLER 655 AIRFOIL,coordinates,Yes,Yes,No,No,
e656.dat,EPPLER 656 AIRFOIL,coordinates,Yes,Yes,No,No,
e657.dat,EPPLER 657 AIRFOIL,coordinates,Yes,Yes,No,No,
e66.dat,EPPLER 66 AIRFOIL,coordinates,Yes,Yes,No,No,
e662.dat,EPPLER E662 AIRFOIL,coordinates,Yes,Yes,No,No,
e664.dat,EPPLER 664 AIRFOIL,coordinates,Yes,Yes,No,No,
e664ex.dat,EPPLER 664 (EXTENDED) AIRFOIL,coordinates,Yes,Yes,No,No,
e668.dat,EPPLER 668 AIRFOIL,coordinates,Yes,Yes,No,No,
e67.dat,EPPLER 67 AIRFOIL,coordinates,Yes,Yes,No,No,
e678.dat,EPPLER 678 AIRFOIL,coordinates,Yes,Yes,No,No,
e68.dat,EPPLER 68 AIRFOIL,coordinates,Yes,Yes,No,No,
e682.dat,EPPLER 682 AIRFOIL,coordinates,Yes,Yes,No,No,
e694.dat,EPPLER 694 AIRFOIL,coordinates,Yes,Yes,No,No,
e71.dat,E71  (5.15%),coordinates,Yes,Yes,No,No,
e715.dat,EPPLER 715 AIRFOIL,coordinates,Yes,Yes,No,No,
e748.dat,EPPLER 748 AIRFOIL,coordinates,Yes,Yes,No,No,
e793.dat,EPPLER 793 AIRFOIL,coordinates,Yes,Yes,No,No,
e817.dat,EPPLER 817 HYDROFOIL AIRFOIL,coordinates,Yes,Yes,No,No,
e818.dat,EPPLER 818 HYDROFOIL AIRFOIL,coordinates,Yes,Yes,No,No,
e836.dat,EPPLER E836 HYDROFOIL AIRFOIL,coordinates,Yes,Yes,No,No,
e837.dat,EPPLER E837 HYDROFOIL AIRFOIL,coordinates,Yes,Yes,No,No,
e838.dat,EPPLER E838 HYDROFOIL AIRFOIL,coordinates,Yes,Yes,No,No,
e850.dat,EPPLER E850 AIRFOIL,coordinates,Yes,Yes,No,No,
e851.dat,EPPLER E851 AIRFOIL,coordinates,Yes,Yes,No,No,
e852.dat,EPPLER E852 AIRFOIL,coordinates,Yes,Yes,No,No,
e853.dat,EPPLER E853 AIRFOIL,coordinates,Yes,Yes,No,No,
e854.dat,EPPLER E854 AIRFOIL,coordinates,Yes,Yes,No,No,
e855.dat,EPPLER 855 AIRFOIL,coordinates,Yes,Yes,No,No,
e856.dat,EPPLER 856 AIRFOIL,coordinates,Yes,Yes,No,No,
e857.dat,EPPLER 857 AIRFOIL,coordinates,Yes,Yes,No,No,
e858.dat,EPPLER 858 AIRFOIL,coordinates,Yes,Yes,No,No,
e862.dat,EPPLER 862 STRUT AIRFOIL,coordinates,Yes,Yes,No,No,
e863.dat,EPPLER 863 STRUT AIRFOIL,coordinates,Yes,Yes,No,No,
e864.dat,EPPLER 864 STRUT AIRFOIL,coordinates,Yes,Yes,No,No,
e874.dat,EPPLER 874 HYDROFOIL AIRFOIL,coordinates,Yes,Yes,No,No,
e904.dat,EPPLER 904 AIRFOIL,coordinates,Yes,Yes,No,No,
e908.dat,EPPLER 908 AIRFOIL,coordinates,Yes,Yes,No,No,
ea61009.dat,EPPLER EA 6(-1)-009 AIRFOIL,coordinates,Yes,Yes,No,No,
ea61012.dat,EPPLER EA 6(-1)-012 AIRFOIL,coordinates,Yes,Yes,No,No,
ea81006.dat,EPPLER EA 8(-1)-006 AIRFOIL,coordinates,Yes,Yes,No,No,
ebambino7.dat,E. Bambino,coordinates,Yes,Yes,No,No,
ec863914.dat,EPPLER EC 86(-3)-914 AIRFOIL,coordinates,Yes,Yes,No,No,
eh0009.dat,EH 0.0/9.0,coordinates,Yes,Yes,No,No,
eh1070.dat,Eh 1.0/7.0,coordinates,Yes,Yes,No,No,
eh1090.dat,EH 1.0/9.0,coordinates,Yes,Yes,No,No,
eh1590.dat,EH 1.5/9.0,coordinates,Yes,Yes,No,No,
eh2010.dat,EH 2.0/10,coordinates,Yes,Yes,No,No,
eh2012.dat,EH 2.0/12,coordinates,Yes,Yes,No,No,
eh2070.dat,EH 2.0/7.0,coordinates,Yes,Yes,No,No,
eh2510.dat,EH 2.5/10,coordinates,Yes,Yes,No,No,
eh3012.dat,EH 3.0/12,coordinates,Yes,Yes,No,No,
eiffel10.dat,Eiffel 10 (Wright) - 1903 Wright Flyer airfoil,coordinates,Yes,Yes,No,No,
eiffel371.dat,Eiffel 371 (Monge),coordinates,Yes,Yes,No,No,
eiffel385.dat,Eiffel 385 (S.T. Ae),coordinates,Yes,Yes,No,No,
eiffel428.dat,Eiffel 428 (Bleriot),coordinates,Yes,Yes,No,No,
eiffel430.dat,Eiffel 430 (Lachassgne),coordinates,Yes,Yes,No,No,
esa40.dat,ESA40,coordinates,Yes,Yes,No,No,
falcon.dat,Falcon,coordinates,Yes,Yes,No,No,
fauvel.dat,FAUVEL 14% AIRFOIL,coordinates,Yes,Yes,No,No,
fg1.dat,Fage & Collins 1,coordinates,Yes,Yes,No,No,
fg2.dat,Fage & Collins 2,coordinates,Yes,Yes,No,No,
fg3.dat,Fage & Collins 3,coordinates,Yes,Yes,No,No,
fg4.dat,Fage & Collins 4,coordinates,Yes,Yes,No,No,
fx049915.dat,WORTMANN FX 049-915 AIRFOIL,coordinates,Yes,Yes,No,No,
fx05188.dat,WORTMANN FX 05-188 AIRFOIL,coordinates,Yes,Yes,No,No,
fx05191.dat,WORTMANN FX 05-191 AIRFOIL,coordinates,Yes,Yes,No,No,
fx057816.dat,WORTMANN FX 057-816,coordinates,Yes,Yes,No,No,
fx05h126.dat,WORTMANN FX 05-H-126 AIRFOIL,coordinates,Yes,Yes,No,No,
fx082512.dat,WORTMANN FX 082-512 AIRFOIL,coordinates,Yes,Yes,No,No,
fx08s176.dat,WORTMANN FX 08-S-176 AIRFOIL,coordinates,Yes,Yes,No,No,
fx2.dat,WORTMANN FX 2 AIRFOIL,coordinates,Yes,Yes,No,No,
fx3.dat,WORTMANN FX 3 AIRFOIL,coordinates,Yes,Yes,No,No,
fx38153.dat,FX 38-153 AIRFOIL,coordinates,Yes,Yes,No,No,
fx60100.dat,FX 60-100 AIRFOIL,coordinates,Yes,Yes,No,No,
fx601001.dat,FX 60-100 (126) AIRFOIL,coordinates,Yes,Yes,No,No,
fx60100sm.dat,FX60-100 10.0% smoothed,coordinates,Yes,Yes,No,No,
fx60126.dat,WORTMANN FX 60-126 AIRFOIL,coordinates,Yes,Yes,No,No,
fx601261.dat,FX 60-126/1 AIRFOIL,coordinates,Yes,Yes,No,No,
fx60157.dat,FX 60-157 AIRFOIL,coordinates,Yes,Yes,No,No,
fx60160.dat,FX 60-160 AIRFOIL,coordinates,Yes,Yes,No,No,
fx60177.dat,FX 60-177 AIRFOIL,coordinates,Yes,Yes,No,No,
fx61140.dat,FX 61-140 AIRFOIL,coordinates,Yes,Yes,No,No,
fx61147.dat,FX 61-147 AIRFOIL,coordinates,Yes,Yes,No,No,
fx61163.dat,FX 61-163 AIRFOIL,coordinates,Yes,Yes,No,No,
fx61168.dat,FX 61-168 AIRFOIL,coordinates,Yes,Yes,No,No,
fx61184.dat,FX 61-184 AIRFOIL,coordinates,Yes,Yes,No,No,
fx62k131.dat,WORTMANN FX 62-K-131 AIRFOIL,coordinates,Yes,Yes,No,No,
fx62k153.dat,FX 62-K-153/20 AIRFOIL,coordinates,Yes,Yes,No,No,
fx63100.dat,FX 63-100 AIRFOIL,coordinates,Yes,Yes,No,No,
fx63110.dat,FX 63-110 AIRFOIL,coordinates,Yes,Yes,No,No,
fx63120.dat,FX 63-120 AIRFOIL,coordinates,Yes,Yes,No,No,
fx63137.dat,WORTMANN FX 63-137 AIRFOIL,coordinates,Yes,Yes,No,No,
fx63137sm.dat,FX 63-137 13.7% smoothed,coordinates,Yes,Yes,No,No,
fx63143.dat,FX 63-143 AIRFOIL,coordinates,Yes,Yes,No,No,
fx63145.dat,FX 63-145 AIRFOIL,coordinates,Yes,Yes,No,No,
fx63147.dat,FX 63-147 AIRFOIL,coordinates,Yes,Yes,No,No,
fx63158.dat,FX 63-158 AIRFOIL,coordinates,Yes,Yes,No,No,
fx6617a2.dat,FX 66-17AII-182 AIRFOIL,coordinates,Yes,Yes,No,No,
fx6617ai.dat,WORTMANN FX 66-17AII-182 AIRFOIL (AS TESTED AT NASA),coordinates,Yes,Yes,No,No,
fx66182.dat,FX 66-182 AIRFOIL,coordinates,Yes,Yes,No,No,
fx66196v.dat,FX 66-S-196 V1 AIRFOIL,coordinates,Yes,Yes,No,No,
fx66a175.dat,WORTMANN FX 66-17A-175 AIRFOIL,coordinates,Yes,Yes,No,No,
fx66h60.dat,FX 66-H-60,coordinates,Yes,Yes,No,No,
fx66h80.dat,FX 66-H-80,coordinates,Yes,Yes,No,No,
fx66s161.dat,FX 66-S-161 AIRFOIL,coordinates,Yes,Yes,No,No,
fx66s171.dat,FX 66-S-171 AIRFOIL,coordinates,Yes,Yes,No,No,
fx66s196.dat,FX 66-S-196 AIRFOIL,coordinates,Yes,Yes,No,No,
fx67k150.dat,FX 67-K-150/17 AIRFOIL,coordinates,Yes,Yes,No,No,
fx67k170.dat,FX 67-K-170/17 AIRFOIL,coordinates,Yes,Yes,No,No,
fx68h120.dat,FX 68-H-120,coordinates,Yes,Yes,No,No,
fx69274.dat,FX 69-274,coordinates,Yes,Yes,No,No,
fx69h083.dat,BELL/WORTMANN FX 69-H-083 AIRFOIL,coordinates,Yes,Yes,No,No,
fx69h098.dat,BELL/WORTMANN FX 69-H-098 AIRFOIL,coordinates,Yes,Yes,No,No,
fx69pr281.dat,FX 69-PR-281,coordinates,Yes,Yes,No,No,
fx71089a.dat,WORTMANN FX 71-089A AIRFOIL,coordinates,Yes,Yes,No,No,
fx71120.dat,WORTMANN FX 71-120 AIRFOIL,coordinates,Yes,Yes,No,No,
fx711520.dat,FX 71-L-150/20 AIRFOIL,coordinates,Yes,Yes,No,No,
fx711525.dat,FX 71-L-150/25 AIRFOIL,coordinates,Yes,Yes,No,No,
fx711530.dat,FX 71-L-150/30 AIRFOIL,coordinates,Yes,Yes,No,No,
fx71l150.dat,FX 71-L-150/30 AIRFOIL,coordinates,Yes,Yes,No,No,
fx72150a.dat,WORTMANN FX 72-MS-150A AIRFOIL,coordinates,Yes,Yes,No,No,
fx72150b.dat,WORTMANN FX 72-MS-150B AIRFOIL,coordinates,Yes,Yes,No,No,
fx72ls160.dat,FX 72-LS-160,coordinates,Yes,Yes,No,No,
fx73170.dat,FX 73-170,coordinates,Yes,Yes,No,No,
fx73170a.dat,FX 73-170 A,coordinates,Yes,Yes,No,No,
fx73cl1152.dat,FX 73-CL1-152,coordinates,Yes,Yes,No,No,
fx73cl2152.dat,FX 73-CL2-152,coordinates,Yes,Yes,No,No,
fx73cl3152.dat,FX 73-CL3-152,coordinates,Yes,Yes,No,No,
fx73k170.dat,FX 73-K-170/22,coordinates,Yes,Yes,No,No,
fx74080.dat,FX 74-080,coordinates,Yes,Yes,No,No,
fx74130wp1.dat,FX 74-130 WP1,coordinates,Yes,Yes,No,No,
fx74130wp2.dat,74-130 WP2,coordinates,Yes,Yes,No,No,
fx74130wp2mod.dat,74-130 WP2 MOD,coordinates,Yes,Yes,No,No,
fx74cl5140.dat,FX74_CL5_140,coordinates,Yes,Yes,No,No,
fx74cl6140.dat,FX 74-CL6-140,coordinates,Yes,Yes,No,No,
fx74modsm.dat,FX 74-Cl5-140 MOD  (smoothed),coordinates,Yes,Yes,No,No,
fx75141.dat,FX 75-141,coordinates,Yes,Yes,No,No,
fx75193.dat,FX 75-193,coordinates,Yes,Yes,No,No,
fx75vg166.dat,FX 75-VG-166/22,coordinates,Yes,Yes,No,No,
fx76100.dat,FX 76-100,coordinates,Yes,Yes,No,No,
fx76120.dat,FX 76-120,coordinates,Yes,Yes,No,No,
fx76mp120.dat,FX 76-MP-120,coordinates,Yes,Yes,No,No,
fx76mp140.dat,FX 76-MP-140,coordinates,Yes,Yes,No,No,
fx76mp160.dat,FX 76-MP-160,coordinates,Yes,Yes,No,No,
fx77080.dat,FX 77-080,coordinates,Yes,Yes,No,No,
fx77w121.dat,FX 77-W-121,coordinates,Yes,Yes,No,No,
fx77w153.dat,WORTMANN FX 77-W-153 AIRFOIL,coordinates,Yes,Yes,No,No,
fx77w258.dat,WORTMANN FX 77-W-258 AIRFOIL,coordinates,Yes,Yes,No,No,
fx77w270.dat,FX 77-W-270,coordinates,Yes,Yes,No,No,
fx77w270s.dat,FX 77-W-270S,coordinates,Yes,Yes,No,No,
fx77w343.dat,WORTMANN FX 77-W-343 AIRFOIL,coordinates,Yes,Yes,No,No,
fx78k140.dat,FX 78-K-140/20,coordinates,Yes,Yes,No,No,
fx78k140a20.dat,FX 78-K-140 A/20,coordinates,Yes,Yes,No,No,
fx78k150.dat,FX 78-K-150/20,coordinates,Yes,Yes,No,No,
fx78k161.dat,FX 78-K-161,coordinates,Yes,Yes,No,No,
fx78pk188.dat,FX 78-PK-188/20,coordinates,Yes,Yes,No,No,
fx79k144.dat,WORTMANN FX 79-K-144/17 AIRFOIL,coordinates,Yes,Yes,No,No,
fx79l100.dat,FX 79-L-100,coordinates,Yes,Yes,No,No,
fx79l120.dat,FX 79-L-120,coordinates,Yes,Yes,No,No,
fx79w151a.dat,FX 79-W-151 A,coordinates,Yes,Yes,No,No,
fx79w470a.dat,FX 79-W-470A,coordinates,Yes,Yes,No,No,
fx79w660a.dat,FX 79-W-660A,coordinates,Yes,Yes,No,No,
fx80080.dat,FX 80-080,coordinates,Yes,Yes,No,No,
fx83w108.dat,FX 83-W-108,coordinates,Yes,Yes,No,No,
fx83w160.dat,FX 83-W-160,coordinates,Yes,Yes,No,No,
fx83w227.dat,FX 83-W-227,coordinates,Yes,Yes,No,No,
fx84w097.dat,FX 84-W-097,coordinates,Yes,Yes,No,No,
fx84w127.dat,FX 84-W-127,coordinates,Yes,Yes,No,No,
fx84w140.dat,FX 84-W-140,coordinates,Yes,Yes,No,No,
fx84w150.dat,FX 84-W-150,coordinates,Yes,Yes,No,No,
fx84w175.dat,FX 84-W-175,coordinates,Yes,Yes,No,No,
fx84w218.dat,FX 84-W-218,coordinates,Yes,Yes,No,No,
fxl142k.dat,FX LIII-142 K 25 AIRFOIL,coordinates,Yes,Yes,No,No,
fxlv152.dat,WORTMANN FX L V-152 AIRFOIL,coordinates,Yes,Yes,No,No,
fxm2.dat,WORTMANN FX M2 AIRFOIL,coordinates,Yes,Yes,No,No,
fxs02196.dat,FX S 02-196 AIRFOIL,coordinates,Yes,Yes,No,No,
fxs03182.dat,FX S 03-182 AIRFOIL,coordinates,Yes,Yes,No,No,
fxs21158.dat,FX S 02/1-158 AIRFOIL,coordinates,Yes,Yes,No,No,
geminism.dat,GEMINI (smoothed),coordinates,Yes,Yes,No,No,
giiia.dat,GIII BL0 AIRFOIL,coordinates,Yes,Yes,No,No,
giiib.dat,GIII BL45 AIRFOIL,coordinates,Yes,Yes,No,No,
giiic.dat,GIII BL75 AIRFOIL,coordinates,Yes,Yes,No,No,
giiid.dat,GIII BL86 AIRFOIL,coordinates,Yes,Yes,No,No,
giiie.dat,GIII BL126 AIRFOIL,coordinates,Yes,Yes,No,No,
giiif.dat,GIII BL145 AIRFOIL,coordinates,Yes,Yes,No,No,
giiig.dat,GIII BL167 AIRFOIL,coordinates,Yes,Yes,No,No,
giiih.dat,GIII BL207 AIRFOIL,coordinates,Yes,Yes,No,No,
giiii.dat,GIII BL288 AIRFOIL,coordinates,Yes,Yes,No,No,
giiij.dat,GIII BL332 AIRFOIL,coordinates,Yes,Yes,No,No,
giiik.dat,GIII BL369 AIRFOIL,coordinates,Yes,Yes,No,No,
giiil.dat,GIII BL387 AIRFOIL,coordinates,Yes,Yes,No,No,
giiim.dat,GIII BL430 AIRFOIL,coordinates,Yes,Yes,No,No,
giiin.dat,GIII BL450 AIRFOIL,coordinates,Yes,Yes,No,No,
glennmartin2.dat,Glenn Martin 2,coordinates,Yes,Yes,No,No,
glennmartin3.dat,Glenn Martin 3,coordinates,Yes,Yes,No,No,
glennmartin4.dat,Glenn Martin 4,coordinates,Yes,Yes,No,No,
gm15sm.dat,GM15 (smoothed),coordinates,Yes,Yes,No,No,
goe05k.dat,GOE 5K AIRFOIL,coordinates,Yes,Yes,No,No,
goe06k.dat,GOE 6K AIRFOIL,coordinates,Yes,Yes,No,No,
goe07k.dat,GOE 7K AIRFOIL,coordinates,Yes,Yes,No,No,
goe08k.dat,GOE 8K AIRFOIL,coordinates,Yes,Yes,No,No,
goe09k.dat,GOE 9K AIRFOIL,coordinates,Yes,Yes,No,No,
goe100.dat,GOE 100 (SOPWITH) AIRFOIL,coordinates,Yes,Yes,No,No,
goe101.dat,GOE 101 AIRFOIL,coordinates,Yes,Yes,No,No,
goe10k.dat,GOE 10K AIRFOIL,coordinates,Yes,Yes,No,No,
goe113.dat,GOE 113 AIRFOIL,coordinates,Yes,Yes,No,No,
goe114.dat,GOE 114 (MVA MK.1) AIRFOIL,coordinates,Yes,Yes,No,No,
goe115.dat,GOE 115 (MVA MK.2) AIRFOIL,coordinates,Yes,Yes,No,No,
goe116.dat,GOE 116 (MVA MK.3) AIRFOIL,coordinates,Yes,Yes,No,No,
goe117.dat,GOE 117 (MVA MK.4) AIRFOIL,coordinates,Yes,Yes,No,No,
goe118.dat,GOE 118 (MVA MK.7) AIRFOIL,coordinates,Yes,Yes,No,No,
goe11k.dat,GOE 11K AIRFOIL,coordinates,Yes,Yes,No,No,
goe121.dat,GOE 121 (MVA H.1) AIRFOIL,coordinates,Yes,Yes,No,No,
goe122.dat,GOE 122 (MVA H.2) AIRFOIL,coordinates,Yes,Yes,No,No,
goe123.dat,GOE 123 AIRFOIL,coordinates,Yes,Yes,No,No,
goe124.dat,GOE 124 (MVA H.4) AIRFOIL,coordinates,Yes,Yes,No,No,
goe12k.dat,GOE 12K AIRFOIL,coordinates,Yes,Yes,No,No,
goe133.dat,GOE 133 (MVA H.11) AIRFOIL,coordinates,Yes,Yes,No,No,
goe134.dat,GOE 134 (MVA H.12) AIRFOIL,coordinates,Yes,Yes,No,No,
goe137.dat,GOE 137 (MVA H.15) AIRFOIL,coordinates,Yes,Yes,No,No,
goe13k.dat,GOE 13K AIRFOIL,coordinates,Yes,Yes,No,No,
goe14.dat,GOE 14 AIRFOIL,coordinates,Yes,Yes,No,No,
goe140.dat,GOE 140 (MVA H.17) AIRFOIL,coordinates,Yes,Yes,No,No,
goe142.dat,GOE 142 (MVA H.19) AIRFOIL,coordinates,Yes,Yes,No,No,
goe143.dat,GOE 143 (MVA H.20) AIRFOIL,coordinates,Yes,Yes,No,No,
goe144.dat,GOE 144 (MVA H.21) AIRFOIL,coordinates,Yes,Yes,No,No,
goe147.dat,GOE 147 (MVA H.6) AIRFOIL,coordinates,Yes,Yes,No,No,
goe14k.dat,GOE 14K AIRFOIL,coordinates,Yes,Yes,No,No,
goe15.dat,GOE 15 AIRFOIL,coordinates,Yes,Yes,No,No,
goe155.dat,GOE 155 (SSW D.1) AIRFOIL,coordinates,Yes,Yes,No,No,
goe15k.dat,GOE 15K AIRFOIL,coordinates,Yes,Yes,No,No,
goe164.dat,GOE 164 (MVA MK.10) AIRFOIL,coordinates,Yes,Yes,No,No,
goe165.dat,GOE 165 (MVA MK.11) AIRFOIL,coordinates,Yes,Yes,No,No,
goe167.dat,GOE 167 (V.KARMAN PROP.2) AIRFOIL,coordinates,Yes,Yes,No,No,
goe16k.dat,GOE 16K AIRFOIL,coordinates,Yes,Yes,No,No,
goe173.dat,GOE 173 (ALBATROS 6020) AIRFOIL,coordinates,Yes,Yes,No,No,
goe174.dat,GOE 174 (ALBATROS 5020) AIRFOIL,coordinates,Yes,Yes,No,No,
goe176.dat,GOE 176 (ALBATROS 7020) AIRFOIL,coordinates,Yes,Yes,No,No,
goe177.dat,GOE 177 AIRFOIL,coordinates,Yes,Yes,No,No,
goe178.dat,GOE 178 AIRFOIL,coordinates,Yes,Yes,No,No,
goe180.dat,GOE 180 (MVA H.26) AIRFOIL,coordinates,Yes,Yes,No,No,
goe182.dat,GOE 182 (MVA H.27) AIRFOIL,coordinates,Yes,Yes,No,No,
goe184.dat,GOE 184 (MVA H.29) AIRFOIL,coordinates,Yes,Yes,No,No,
goe187.dat,GOE 187 (SCHUETTE-LANZ 2U10) AIRFOIL,coordinates,Yes,Yes,No,No,
goe188.dat,GOE 188 (SCHUETTE-LANZ 3U10) AIRFOIL,coordinates,Yes,Yes,No,No,
goe190.dat,GOE 190 (MVA MK.18) AIRFOIL,coordinates,Yes,Yes,No,No,
goe195.dat,GOE 195 AIRFOIL,coordinates,Yes,Yes,No,No,
goe198.dat,GOE 198 (L.F.G. 5294) AIRFOIL,coordinates,Yes,Yes,No,No,
goe199.dat,GOE 199 (L.F.G. 5406) AIRFOIL,coordinates,Yes,Yes,No,No,
goe207.dat,GOE 207 (AVIATIK V8) AIRFOIL,coordinates,Yes,Yes,No,No,
goe210.dat,GOE 210 (DAIMLER) AIRFOIL,coordinates,Yes,Yes,No,No,
goe217.dat,GOE 217 (MVA MK.12) AIRFOIL,coordinates,Yes,Yes,No,No,
goe222.dat,GOE 222 (MVA H.33) AIRFOIL,coordinates,Yes,Yes,No,No,
goe223.dat,GOE 223 (MVA H.34) AIRFOIL,coordinates,Yes,Yes,No,No,
goe225.dat,GOE 225 (MVA H.35) AIRFOIL,coordinates,Yes,Yes,No,No,
goe226.dat,GOE 226 (MVA H.36) AIRFOIL,coordinates,Yes,Yes,No,No,
goe227.dat,GOE 227 (MVA H.37) AIRFOIL,coordinates,Yes,Yes,No,No,
goe228.dat,GOE 228 (MVA H.38) AIRFOIL,coordinates,Yes,Yes,No,No,
goe229.dat,GOE 229 (MVA H.39) AIRFOIL,coordinates,Yes,Yes,No,No,
goe233.dat,GOE 233 (MVA CA4) AIRFOIL,coordinates,Yes,Yes,No,No,
goe234.dat,GOE 234 (MVA CA5) AIRFOIL,coordinates,Yes,Yes,No,No,
goe235.dat,GOE 235 (SCHUETTE-LANZ) AIRFOIL,coordinates,Yes,Yes,No,No,
goe238.dat,GOE 238 (HANSA-BRANDENBURG) AIRFOIL,coordinates,Yes,Yes,No,No,
goe239.dat,GOE 239 (MVA H.31) AIRFOIL,coordinates,Yes,Yes,No,No,
goe240.dat,GOE 240 (KOLLER) AIRFOIL,coordinates,Yes,Yes,No,No,
goe241.dat,GOE 241 (MVA PR.1) AIRFOIL,coordinates,Yes,Yes,No,No,
goe242.dat,GOE 242 (MVA PR.2) AIRFOIL,coordinates,Yes,Yes,No,No,
goe243.dat,GOE 243 (MVA PR.3) AIRFOIL,coordinates,Yes,Yes,No,No,
goe244.dat,GOE 244 (MVA PR.4) AIRFOIL,coordinates,Yes,Yes,No,No,
goe255.dat,GOE 255 (MVA CA.6) AIRFOIL,coordinates,Yes,Yes,No,No,
goe256.dat,GOE 256 (JUNKERS E) AIRFOIL,coordinates,Yes,Yes,No,No,
goe257.dat,GOE 257 AIRFOIL,coordinates,Yes,Yes,No,No,
goe264.dat,GOE 264 AIRFOIL,coordinates,Yes,Yes,No,No,
goe265.dat,GOE 265 AIRFOIL,coordinates,Yes,Yes,No,No,
goe269.dat,GOE 269 AIRFOIL,coordinates,Yes,Yes,No,No,
goe274.dat,GOE 274 (DAIMLER V) AIRFOIL,coordinates,Yes,Yes,No,No,
goe275.dat,GOE 275 (DAIMLER VI) AIRFOIL,coordinates,Yes,Yes,No,No,
goe276.dat,GOE 276 (DAIMLER VII) AIRFOIL,coordinates,Yes,Yes,No,No,
goe277.dat,GOE 277 (DAIMLER VIII) AIRFOIL,coordinates,Yes,Yes,No,No,
goe278.dat,GOE 278 (DAIMLER IX) AIRFOIL,coordinates,Yes,Yes,No,No,
goe279.dat,GOE 279 (DAIMLER X) AIRFOIL,coordinates,Yes,Yes,No,No,
goe280.dat,GOE 280 (DAIMLER XI) AIRFOIL,coordinates,Yes,Yes,No,No,
goe281.dat,GOE 281 (DAIMLER XII) AIRFOIL,coordinates,Yes,Yes,No,No,
goe282.dat,GOE 282 (DAIMLER XIII) AIRFOIL,coordinates,Yes,Yes,No,No,
goe284.dat,GOE 284 AIRFOIL,coordinates,Yes,Yes,No,No,
goe285.dat,GOE 285 AIRFOIL,coordinates,Yes,Yes,No,No,
goe286.dat,GOE 286 AIRFOIL,coordinates,Yes,Yes,No,No,
goe287.dat,GOE 287 AIRFOIL,coordinates,Yes,Yes,No,No,
goe288.dat,GOE 288 AIRFOIL,coordinates,Yes,Yes,No,No,
goe289.dat,GOE 289 (MVA 289) AIRFOIL,coordinates,Yes,Yes,No,No,
goe290.dat,GOE 290 (MVA 290) AIRFOIL,coordinates,Yes,Yes,No,No,
goe298.dat,GOE 298 AIRFOIL,coordinates,Yes,Yes,No,No,
goe29b.dat,GOE 29B AIRFOIL,coordinates,Yes,Yes,No,No,
goe300.dat,GOE 300 (FRIEDRICHSHAFEN G20) AIRFOIL,coordinates,Yes,Yes,No,No,
goe301.dat,GOE 301 (FRIEDRICHSHAFEN G 13) AIRFOIL,coordinates,Yes,Yes,No,No,
goe303.dat,GOE 303 (FRIEDRICHSHAFEN G03) AIRFOIL,coordinates,Yes,Yes,No,No,
goe304.dat,GOE 304 (FRIEDRICHSHAFEN G02) AIRFOIL,coordinates,Yes,Yes,No,No,
goe308.dat,GOE 308 (MVA H.40) AIRFOIL,coordinates,Yes,Yes,No,No,
goe309.dat,GOE 309 (MVA H.41) AIRFOIL,coordinates,Yes,Yes,No,No,
goe310.dat,GOE 310 (MVA H.42) AIRFOIL,coordinates,Yes,Yes,No,No,
goe311.dat,GOE 311 (MVA H.43) AIRFOIL,coordinates,Yes,Yes,No,No,
goe314.dat,GOE 314 (HANSA-BRANDENBURG) AIRFOIL,coordinates,Yes,Yes,No,No,
goe315.dat,GOE 315 (HANSA-BRANDENBURG III.5) AIRFOIL,coordinates,Yes,Yes,No,No,
goe316.dat,GOE 316 (HANSA-BRANDENBURG IV.5) AIRFOIL,coordinates,Yes,Yes,No,No,
goe318.dat,GOE 318 (HANSA-BRANDENBURG VI.5) AIRFOIL,coordinates,Yes,Yes,No,No,
goe319.dat,GOE 319 (HANSA-BRANDENBURG II) AIRFOIL,coordinates,Yes,Yes,No,No,
goe320.dat,GOE 320 (HANSA-BRANDENBURG II.1) AIRFOIL,coordinates,Yes,Yes,No,No,
goe321.dat,GOE 321 (HANSA-BRANDENBURG III.1) AIRFOIL,coordinates,Yes,Yes,No,No,
goe322.dat,GOE 322 (HANSA-BRANDENBURG IV.1) AIRFOIL,coordinates,Yes,Yes,No,No,
goe323.dat,GOE 323 (HANSA-BRANDENBURG V.1) AIRFOIL,coordinates,Yes,Yes,No,No,
goe324.dat,GOE 324 (HANSA-BRANDENBURG) AIRFOIL,coordinates,Yes,Yes,No,No,
goe325.dat,GOE 325 (PFALZ 54) AIRFOIL,coordinates,Yes,Yes,No,No,
goe326.dat,GOE 326 (PFALZ 55) AIRFOIL,coordinates,Yes,Yes,No,No,
goe328.dat,GOE 328 AIRFOIL,coordinates,Yes,Yes,No,No,
goe329.dat,GOE 329 (PFALZ 58) AIRFOIL,coordinates,Yes,Yes,No,No,
goe330.dat,GOE 330 (PFALZ 59) AIRFOIL,coordinates,Yes,Yes,No,No,
goe331.dat,GOE 331 (PFALZ 60) AIRFOIL,coordinates,Yes,Yes,No,No,
goe332.dat,GOE 332 (PFALZ 61) AIRFOIL,coordinates,Yes,Yes,No,No,
goe335.dat,GOE 335 (D.F.W.) AIRFOIL,coordinates,Yes,Yes,No,No,
goe336.dat,GOE 336 (MVA H.44) AIRFOIL,coordinates,Yes,Yes,No,No,
goe342.dat,GOE 342 AIRFOIL,coordinates,Yes,Yes,No,No,
goe344.dat,GOE 344 (PFALZ 71) AIRFOIL,coordinates,Yes,Yes,No,No,
goe346.dat,GOE 346 (FRIEDRICHSHAFEN-STAAKEN) AIRFOIL,coordinates,Yes,Yes,No,No,
goe358.dat,GOE 358 AIRFOIL,coordinates,Yes,Yes,No,No,
goe359.dat,GOE 359 AIRFOIL,coordinates,Yes,Yes,No,No,
goe360.dat,GOE 360 AIRFOIL,coordinates,Yes,Yes,No,No,
goe361.dat,GOE 361 AIRFOIL,coordinates,Yes,Yes,No,No,
goe362.dat,GOE 362 AIRFOIL,coordinates,Yes,Yes,No,No,
goe363.dat,GOE 363 AIRFOIL,coordinates,Yes,Yes,No,No,
goe364.dat,GOE 364 AIRFOIL,coordinates,Yes,Yes,No,No,
goe365.dat,GOE 365 AIRFOIL,coordinates,Yes,Yes,No,No,
goe366.dat,GOE 366 AIRFOIL,coordinates,Yes,Yes,No,No,
goe367.dat,GOE 367 AIRFOIL,coordinates,Yes,Yes,No,No,
goe368.dat,GOE 368 AIRFOIL,coordinates,Yes,Yes,No,No,
goe369.dat,GOE 369 AIRFOIL,coordinates,Yes,Yes,No,No,
goe370.dat,GOE 370 AIRFOIL,coordinates,Yes,Yes,No,No,
goe371.dat,GOE 371 AIRFOIL,coordinates,Yes,Yes,No,No,
goe372.dat,GOE 372 AIRFOIL,coordinates,Yes,Yes,No,No,
goe373.dat,GOE 373 AIRFOIL,coordinates,Yes,Yes,No,No,
goe374.dat,GOE 374 AIRFOIL,coordinates,Yes,Yes,No,No,
goe375.dat,GOE 375 AIRFOIL,coordinates,Yes,Yes,No,No,
goe376.dat,GOE 376 AIRFOIL,coordinates,Yes,Yes,No,No,
goe377.dat,GOE 377 AIRFOIL,coordinates,Yes,Yes,No,No,
goe379.dat,GOE 379 AIRFOIL,coordinates,Yes,Yes,No,No,
goe380.dat,GOE 380 AIRFOIL,coordinates,Yes,Yes,No,No,
goe381.dat,GOE 381 AIRFOIL,coordinates,Yes,Yes,No,No,
goe382.dat,GOE 382 AIRFOIL,coordinates,Yes,Yes,No,No,
goe383.dat,GOE 383 AIRFOIL,coordinates,Yes,Yes,No,No,
goe384.dat,GOE 384 AIRFOIL,coordinates,Yes,Yes,No,No,
goe385.dat,GOE 385 AIRFOIL,coordinates,Yes,Yes,No,No,
goe386.dat,GOE 386 AIRFOIL,coordinates,Yes,Yes,No,No,
goe387.dat,GOE 387 AIRFOIL,coordinates,Yes,Yes,No,No,
goe388.dat,GOE 388 AIRFOIL,coordinates,Yes,Yes,No,No,
goe389.dat,GOE 389 AIRFOIL,coordinates,Yes,Yes,No,No,
goe390.dat,GOE 390 AIRFOIL,coordinates,Yes,Yes,No,No,
goe391.dat,GOE 391 AIRFOIL,coordinates,Yes,Yes,No,No,
goe392.dat,GOE 392 AIRFOIL,coordinates,Yes,Yes,No,No,
goe393.dat,GOE 393 AIRFOIL,coordinates,Yes,Yes,No,No,
goe394.dat,GOE 394 AIRFOIL,coordinates,Yes,Yes,No,No,
goe395.dat,GOE 395 AIRFOIL,coordinates,Yes,Yes,No,No,
goe396.dat,GOE 396 AIRFOIL,coordinates,Yes,Yes,No,No,
goe397.dat,GOE 397 AIRFOIL,coordinates,Yes,Yes,No,No,
goe398.dat,GOE 398 AIRFOIL,coordinates,Yes,Yes,No,No,
goe399.dat,GOE 399 AIRFOIL,coordinates,Yes,Yes,No,No,
goe400.dat,GOE 400 AIRFOIL,coordinates,Yes,Yes,No,No,
goe401.dat,GOE 401 AIRFOIL,coordinates,Yes,Yes,No,No,
goe402.dat,GOE 402 AIRFOIL,coordinates,Yes,Yes,No,No,
goe403.dat,GOE 403 AIRFOIL,coordinates,Yes,Yes,No,No,
goe404.dat,GOE 404 AIRFOIL,coordinates,Yes,Yes,No,No,
goe405.dat,GOE 405 AIRFOIL,coordinates,Yes,Yes,No,No,
goe406.dat,GOE 406 AIRFOIL,coordinates,Yes,Yes,No,No,
goe407.dat,GOE 407 AIRFOIL,coordinates,Yes,Yes,No,No,
goe408.dat,GOE 408 AIRFOIL,coordinates,Yes,Yes,No,No,
goe409.dat,GOE 409 AIRFOIL,coordinates,Yes,Yes,No,No,
goe410.dat,GOE 410 AIRFOIL,coordinates,Yes,Yes,No,No,
goe411.dat,GOE 411 AIRFOIL,coordinates,Yes,Yes,No,No,
goe412.dat,GOE 412 AIRFOIL,coordinates,Yes,Yes,No,No,
goe413.dat,GOE 413 AIRFOIL,coordinates,Yes,Yes,No,No,
goe414.dat,GOE 414 AIRFOIL,coordinates,Yes,Yes,No,No,
goe415.dat,GOE 415 AIRFOIL,coordinates,Yes,Yes,No,No,
goe416a.dat,GOE 416A AIRFOIL,coordinates,Yes,Yes,No,No,
goe417.dat,GOE 417 AIRFOIL,coordinates,Yes,Yes,No,No,
goe417a.dat,GOE 417A (GEW. PLATTE) AIRFOIL,coordinates,Yes,Yes,No,No,
goe418.dat,GOE 418 AIRFOIL,coordinates,Yes,Yes,No,No,
goe419.dat,GOE 419 AIRFOIL,coordinates,Yes,Yes,No,No,
goe420.dat,GOE 420 AIRFOIL,coordinates,Yes,Yes,No,No,
goe421.dat,GOE 421 AIRFOIL,coordinates,Yes,Yes,No,No,
goe422.dat,GOE 422 AIRFOIL,coordinates,Yes,Yes,No,No,
goe423.dat,GOE 423 AIRFOIL,coordinates,Yes,Yes,No,No,
goe424.dat,GOE 424 AIRFOIL,coordinates,Yes,Yes,No,No,
goe425.dat,GOE 425 AIRFOIL,coordinates,Yes,Yes,No,No,
goe426.dat,GOE 426 AIRFOIL,coordinates,Yes,Yes,No,No,
goe427.dat,GOE 427 AIRFOIL,coordinates,Yes,Yes,No,No,
goe428.dat,GOE 428 AIRFOIL,coordinates,Yes,Yes,No,No,
goe429.dat,GOE 429 AIRFOIL,coordinates,Yes,Yes,No,No,
goe430.dat,GOE 430 AIRFOIL,coordinates,Yes,Yes,No,No,
goe431.dat,GOE 431 AIRFOIL,coordinates,Yes,Yes,No,No,
goe432.dat,GOE 432 AIRFOIL,coordinates,Yes,Yes,No,No,
goe433.dat,GOE 433 AIRFOIL,coordinates,Yes,Yes,No,No,
goe434.dat,GOE 434 AIRFOIL,coordinates,Yes,Yes,No,No,
goe435.dat,GOE 435 AIRFOIL,coordinates,Yes,Yes,No,No,
goe436.dat,GOE 436 AIRFOIL,coordinates,Yes,Yes,No,No,
goe437.dat,GOE 437 AIRFOIL,coordinates,Yes,Yes,No,No,
goe438.dat,GOE 438 AIRFOIL,coordinates,Yes,Yes,No,No,
goe439.dat,GOE 439 AIRFOIL,coordinates,Yes,Yes,No,No,
goe440.dat,GOE 440 AIRFOIL,coordinates,Yes,Yes,No,No,
goe441.dat,GOE 441 AIRFOIL,coordinates,Yes,Yes,No,No,
goe442.dat,GOE 442 AIRFOIL,coordinates,Yes,Yes,No,No,
goe443.dat,GOE 443 AIRFOIL,coordinates,Yes,Yes,No,No,
goe444.dat,GOE 444 AIRFOIL,coordinates,Yes,Yes,No,No,
goe445.dat,GOE 445 AIRFOIL,coordinates,Yes,Yes,No,No,
goe446.dat,GOE 446 AIRFOIL,coordinates,Yes,Yes,No,No,
goe447.dat,GOE 447 AIRFOIL,coordinates,Yes,Yes,No,No,
goe448.dat,GOE 448 AIRFOIL,coordinates,Yes,Yes,No,No,
goe449.dat,GOE 449 AIRFOIL,coordinates,Yes,Yes,No,No,
goe450.dat,GOE 450 AIRFOIL,coordinates,Yes,Yes,No,No,
goe451.dat,GOE 451 AIRFOIL,coordinates,Yes,Yes,No,No,
goe456.dat,GOE 456 AIRFOIL,coordinates,Yes,Yes,No,No,
goe457.dat,GOE 457 AIRFOIL,coordinates,Yes,Yes,No,No,
goe458.dat,GOE 458 AIRFOIL,coordinates,Yes,Yes,No,No,
goe459.dat,GOE 459 AIRFOIL,coordinates,Yes,Yes,No,No,
goe460.dat,GOE 460 AIRFOIL,coordinates,Yes,Yes,No,No,
goe462.dat,GOE 462 AIRFOIL,coordinates,Yes,Yes,No,No,
goe464.dat,GOE 464 AIRFOIL,coordinates,Yes,Yes,No,No,
goe474.dat,GOE 474 AIRFOIL,coordinates,Yes,Yes,No,No,
goe476.dat,GOE 476 AIRFOIL,coordinates,Yes,Yes,No,No,
goe477.dat,GOE 477 AIRFOIL,coordinates,Yes,Yes,No,No,
goe478.dat,GOE 478 AIRFOIL,coordinates,Yes,Yes,No,No,
goe479.dat,GOE 479 AIRFOIL,coordinates,Yes,Yes,No,No,
goe480.dat,GOE 480 AIRFOIL,coordinates,Yes,Yes,No,No,
goe481.dat,GOE 481 AIRFOIL,coordinates,Yes,Yes,No,No,
goe481a.dat,GOE 481A AIRFOIL,coordinates,Yes,Yes,No,No,
goe482.dat,GOE 482 AIRFOIL,coordinates,Yes,Yes,No,No,
goe483.dat,GOE 483 AIRFOIL,coordinates,Yes,Yes,No,No,
goe484.dat,GOE 484 AIRFOIL,coordinates,Yes,Yes,No,No,
goe488.dat,GOE 488 AIRFOIL,coordinates,Yes,Yes,No,No,
goe490.dat,GOE 490 AIRFOIL,coordinates,Yes,Yes,No,No,
goe491.dat,GOE 491 AIRFOIL,coordinates,Yes,Yes,No,No,
goe492.dat,GOE 492 AIRFOIL,coordinates,Yes,Yes,No,No,
goe493.dat,GOE 493 AIRFOIL,coordinates,Yes,Yes,No,No,
goe494.dat,GOE 494 AIRFOIL,coordinates,Yes,Yes,No,No,
goe495.dat,GOE 495 AIRFOIL,coordinates,Yes,Yes,No,No,
goe496.dat,GOE 496 AIRFOIL,coordinates,Yes,Yes,No,No,
goe497.dat,GOE 497 AIRFOIL,coordinates,Yes,Yes,No,No,
goe498.dat,GOE 498 AIRFOIL,coordinates,Yes,Yes,No,No,
goe499.dat,GOE 499 AIRFOIL,coordinates,Yes,Yes,No,No,
goe500.dat,GOE 500 AIRFOIL,coordinates,Yes,Yes,No,No,
goe501.dat,GOE 501 AIRFOIL,coordinates,Yes,Yes,No,No,
goe502.dat,GOE 502 AIRFOIL,coordinates,Yes,Yes,No,No,
goe503.dat,GOE 503 AIRFOIL,coordinates,Yes,Yes,No,No,
goe504.dat,GOE 504 AIRFOIL,coordinates,Yes,Yes,No,No,
goe505.dat,GOE 505 AIRFOIL,coordinates,Yes,Yes,No,No,
goe506.dat,GOE 506 AIRFOIL,coordinates,Yes,Yes,No,No,
goe507.dat,GOE 507 AIRFOIL,coordinates,Yes,Yes,No,No,
goe508.dat,GOE 508 AIRFOIL,coordinates,Yes,Yes,No,No,
goe509.dat,GOE 509 AIRFOIL,coordinates,Yes,Yes,No,No,
goe510.dat,GOE 510 AIRFOIL,coordinates,Yes,Yes,No,No,
goe511.dat,GOE 511 AIRFOIL,coordinates,Yes,Yes,No,No,
goe512.dat,GOE 512 AIRFOIL,coordinates,Yes,Yes,No,No,
goe513.dat,GOE 513 AIRFOIL,coordinates,Yes,Yes,No,No,
goe514.dat,GOE 514 AIRFOIL,coordinates,Yes,Yes,No,No,
goe515.dat,GOE 515 AIRFOIL,coordinates,Yes,Yes,No,No,
goe517.dat,GOE 517 AIRFOIL,coordinates,Yes,Yes,No,No,
goe518.dat,GOE 518 AIRFOIL,coordinates,Yes,Yes,No,No,
goe522.dat,GOE 522 AIRFOIL,coordinates,Yes,Yes,No,No,
goe523.dat,GOE 523 AIRFOIL,coordinates,Yes,Yes,No,No,
goe525.dat,GOE 525 AIRFOIL,coordinates,Yes,Yes,No,No,
goe526.dat,GOE 526 AIRFOIL,coordinates,Yes,Yes,No,No,
goe527.dat,GOE 527 AIRFOIL,coordinates,Yes,Yes,No,No,
goe528.dat,GOE 528 AIRFOIL,coordinates,Yes,Yes,No,No,
goe529.dat,GOE 529 AIRFOIL,coordinates,Yes,Yes,No,No,
goe530.dat,GOE 530 AIRFOIL,coordinates,Yes,Yes,No,No,
goe531.dat,GOE 531 AIRFOIL,coordinates,Yes,Yes,No,No,
goe532.dat,GOE 532 AIRFOIL,coordinates,Yes,Yes,No,No,
goe533.dat,GOE 533 AIRFOIL,coordinates,Yes,Yes,No,No,
goe534.dat,GOE 534 AIRFOIL,coordinates,Yes,Yes,No,No,
goe535.dat,GOE 535 AIRFOIL,coordinates,Yes,Yes,No,No,
goe54.dat,GOE 54 AIRFOIL,coordinates,Yes,Yes,No,No,
goe546.dat,GOE 546 AIRFOIL,coordinates,Yes,Yes,No,No,
goe547.dat,GOE 547 AIRFOIL,coordinates,Yes,Yes,No,No,
goe548.dat,GOE 548 AIRFOIL,coordinates,Yes,Yes,No,No,
goe549.dat,GOE 549 AIRFOIL,coordinates,Yes,Yes,No,No,
goe55.dat,GOE 55 AIRFOIL,coordinates,Yes,Yes,No,No,
goe550.dat,GOE 550 AIRFOIL,coordinates,Yes,Yes,No,No,
goe553.dat,GOE 553 AIRFOIL,coordinates,Yes,Yes,No,No,
goe559.dat,GOE 559 AIRFOIL,coordinates,Yes,Yes,No,No,
goe561.dat,GOE 561 AIRFOIL,coordinates,Yes,Yes,No,No,
goe562.dat,GOE 562 AIRFOIL,coordinates,Yes,Yes,No,No,
goe563.dat,GOE 563 AIRFOIL,coordinates,Yes,Yes,No,No,
goe564.dat,GOE 564 AIRFOIL,coordinates,Yes,Yes,No,No,
goe565.dat,GOE 565 AIRFOIL,coordinates,Yes,Yes,No,No,
goe566.dat,GOE 566 AIRFOIL,coordinates,Yes,Yes,No,No,
goe567.dat,GOE 567 AIRFOIL,coordinates,Yes,Yes,No,No,
goe57.dat,GOE 57 AIRFOIL,coordinates,Yes,Yes,No,No,
goe570.dat,GOE 570 AIRFOIL,coordinates,Yes,Yes,No,No,
goe571.dat,GOE 571 AIRFOIL,coordinates,Yes,Yes,No,No,
goe572.dat,GOE 572 AIRFOIL,coordinates,Yes,Yes,No,No,
goe573.dat,GOE 573 AIRFOIL,coordinates,Yes,Yes,No,No,
goe574.dat,GOE 574 AIRFOIL,coordinates,Yes,Yes,No,No,
goe575.dat,GOE 575 AIRFOIL,coordinates,Yes,Yes,No,No,
goe584.dat,GOE 584 AIRFOIL,coordinates,Yes,Yes,No,No,
goe585.dat,GOE 585 AIRFOIL,coordinates,Yes,Yes,No,No,
goe587.dat,GOE 587 AIRFOIL,coordinates,Yes,Yes,No,No,
goe590.dat,GOE 590 AIRFOIL,coordinates,Yes,Yes,No,No,
goe591.dat,GOE 591 AIRFOIL,coordinates,Yes,Yes,No,No,
goe592.dat,GOE 592 AIRFOIL,coordinates,Yes,Yes,No,No,
goe593.dat,GOE 593 AIRFOIL,coordinates,Yes,Yes,No,No,
goe595.dat,GOE 595 AIRFOIL,coordinates,Yes,Yes,No,No,
goe596.dat,GOE 596 AIRFOIL,coordinates,Yes,Yes,No,No,
goe598.dat,GOE 598 AIRFOIL,coordinates,Yes,Yes,No,No,
goe599.dat,GOE 599 AIRFOIL,coordinates,Yes,Yes,No,No,
goe600.dat,GOE 600 AIRFOIL,coordinates,Yes,Yes,No,No,
goe601.dat,GOE 601 AIRFOIL,coordinates,Yes,Yes,No,No,
goe602.dat,GOE 602 AIRFOIL,coordinates,Yes,Yes,No,No,
goe602m.dat,GOE 602 MOD. AIRFOIL,coordinates,Yes,Yes,No,No,
goe604.dat,GOE 604 AIRFOIL,coordinates,Yes,Yes,No,No,
goe610b.dat,GOE 610 B AIRFOIL,coordinates,Yes,Yes,No,No,
goe610bm.dat,GOE 610-B MOD. AIRFOIL,coordinates,Yes,Yes,No,No,
goe611.dat,GOE 611 AIRFOIL,coordinates,Yes,Yes,No,No,
goe612.dat,GOE 612 AIRFOIL,coordinates,Yes,Yes,No,No,
goe613.dat,GOE 613 AIRFOIL,coordinates,Yes,Yes,No,No,
goe614.dat,GOE 614 AIRFOIL,coordinates,Yes,Yes,No,No,
goe615.dat,GOE 615 AIRFOIL,coordinates,Yes,Yes,No,No,
goe617.dat,GOE 617 AIRFOIL,coordinates,Yes,Yes,No,No,
goe619.dat,GOE 619 AIRFOIL,coordinates,Yes,Yes,No,No,
goe620.dat,GOE 620 AIRFOIL,coordinates,Yes,Yes,No,No,
goe621.dat,GOE 621 AIRFOIL,coordinates,Yes,Yes,No,No,
goe622.dat,GOE 622 AIRFOIL,coordinates,Yes,Yes,No,No,
goe623.dat,GOE 623 AIRFOIL,coordinates,Yes,Yes,No,No,
goe624.dat,GOE 624 AIRFOIL,coordinates,Yes,Yes,No,No,
goe625.dat,GOE 625 AIRFOIL,coordinates,Yes,Yes,No,No,
goe626.dat,GOE 626 AIRFOIL,coordinates,Yes,Yes,No,No,
goe627.dat,GOE 627 AIRFOIL,coordinates,Yes,Yes,No,No,
goe628.dat,GOE 628 AIRFOIL,coordinates,Yes,Yes,No,No,
goe629.dat,GOE 629 AIRFOIL,coordinates,Yes,Yes,No,No,
goe63.dat,GOE 63 AIRFOIL,coordinates,Yes,Yes,No,No,
goe630.dat,GOE 630 AIRFOIL,coordinates,Yes,Yes,No,No,
goe632.dat,GOE 632 AIRFOIL,coordinates,Yes,Yes,No,No,
goe633.dat,GOE 633 AIRFOIL,coordinates,Yes,Yes,No,No,
goe645.dat,GOE 645 AIRFOIL,coordinates,Yes,Yes,No,No,
goe646.dat,GOE 646 AIRFOIL,coordinates,Yes,Yes,No,No,
goe647.dat,GOE 647 AIRFOIL,coordinates,Yes,Yes,No,No,
goe648.dat,GOE 648 AIRFOIL,coordinates,Yes,Yes,No,No,
goe650.dat,GOE 650 AIRFOIL,coordinates,Yes,Yes,No,No,
goe652.dat,GOE 652 AIRFOIL,coordinates,Yes,Yes,No,No,
goe654.dat,GOE 654 AIRFOIL,coordinates,Yes,Yes,No,No,
goe655.dat,GOE 655 AIRFOIL,coordinates,Yes,Yes,No,No,
goe670.dat,GOE 670 AIRFOIL,coordinates,Yes,Yes,No,No,
goe673.dat,GOE 673 AIRFOIL,coordinates,Yes,Yes,No,No,
goe675.dat,GOE 675 AIRFOIL,coordinates,Yes,Yes,No,No,
goe676.dat,GOE 676 (= M 12) AIRFOIL,coordinates,Yes,Yes,No,No,
goe677.dat,GOE 677 (= M 6) AIRFOIL,coordinates,Yes,Yes,No,No,
goe679.dat,GOE 679 AIRFOIL,coordinates,Yes,Yes,No,No,
goe681.dat,GOE 681 AIRFOIL,coordinates,Yes,Yes,No,No,
goe682.dat,GOE 682 AIRFOIL,coordinates,Yes,Yes,No,No,
goe683.dat,GOE 683 AIRFOIL,coordinates,Yes,Yes,No,No,
goe685.dat,GOE 685 AIRFOIL,coordinates,Yes,Yes,No,No,
goe692.dat,GOE 692 AIRFOIL,coordinates,Yes,Yes,No,No,
goe693.dat,GOE 693 AIRFOIL,coordinates,Yes,Yes,No,No,
goe701.dat,GOE 701 AIRFOIL,coordinates,Yes,Yes,No,No,
goe702.dat,GOE 702 AIRFOIL,coordinates,Yes,Yes,No,No,
goe703.dat,GOE 703 AIRFOIL,coordinates,Yes,Yes,No,No,
goe704.dat,GOE 704 AIRFOIL,coordinates,Yes,Yes,No,No,
goe711.dat,GOE 711 AIRFOIL,coordinates,Yes,Yes,No,No,
goe723.dat,GOE 723 AIRFOIL,coordinates,Yes,Yes,No,No,
goe735.dat,GOE 735 AIRFOIL,coordinates,Yes,Yes,No,No,
goe738.dat,GOE 738 AIRFOIL,coordinates,Yes,Yes,No,No,
goe741.dat,GOE 741 AIRFOIL,coordinates,Yes,Yes,No,No,
goe744.dat,GOE 744 AIRFOIL,coordinates,Yes,Yes,No,No,
goe746.dat,GOE 746 AIRFOIL,coordinates,Yes,Yes,No,No,
goe758.dat,GOE 758 AIRFOIL,coordinates,Yes,Yes,No,No,
goe765.dat,Gottingen 765 airfoil (recovered). Thick: .144 LE radius: 0.02062 LE slope: 0.17300,coordinates,Yes,Yes,No,No,
goe766.dat,GOE 766 AIRFOIL,coordinates,Yes,Yes,No,No,
goe767.dat,GOE 767 AIRFOIL,coordinates,Yes,Yes,No,No,
goe769.dat,GOE 769 AIRFOIL,coordinates,Yes,Yes,No,No,
goe770.dat,GOE 770 AIRFOIL,coordinates,Yes,Yes,No,No,
goe775.dat,GOE 775 AIRFOIL,coordinates,Yes,Yes,No,No,
goe776.dat,GOE 776 AIRFOIL,coordinates,Yes,Yes,No,No,
goe777.dat,GOE 777 AIRFOIL,coordinates,Yes,Yes,No,No,
goe780.dat,GOE 780 AIRFOIL,coordinates,Yes,Yes,No,No,
goe79.dat,GOE 79 (PFALZ 11) AIRFOIL,coordinates,Yes,Yes,No,No,
goe795.dat,GOE 795 AIRFOIL,coordinates,Yes,Yes,No,No,
goe795sm.dat,GOE 795 smoothed,coordinates,Yes,Yes,No,No,
goe796.dat,GOE 796 AIRFOIL,coordinates,Yes,Yes,No,No,
goe797.dat,GOE 797 AIRFOIL,coordinates,Yes,Yes,No,No,
goe798.dat,GOE 798 AIRFOIL,coordinates,Yes,Yes,No,No,
goe801.dat,GOE 801 (MVA 301) AIRFOIL,coordinates,Yes,Yes,No,No,
goe802.dat,GOE 802 AIRFOIL,coordinates,Yes,Yes,No,No,
goe802a.dat,GOE 802 A AIRFOIL,coordinates,Yes,Yes,No,No,
goe802b.dat,GOE 802 B AIRFOIL,coordinates,Yes,Yes,No,No,
goe803h.dat,GOE 803 (HACKLINGER) AIRFOIL,coordinates,Yes,Yes,No,No,
goe804.dat,GOE 804 (EA 8) AIRFOIL,coordinates,Yes,Yes,No,No,
goe81.dat,GOE 81 AIRFOIL,coordinates,Yes,Yes,No,No,
goe92.dat,GOE 92 AIRFOIL,coordinates,Yes,Yes,No,No,
griffith30SymSuction.dat,Griffith 30% Suction Airfoil,coordinates,Yes,Yes,No,No,
gs1.dat,SIKORSKY GS-1 AIRFOIL,coordinates,Yes,Yes,No,No,
gu255118.dat,UNIVERSITY OF GLASGOW GU25-5(11)8 AIRFOIL,coordinates,Yes,Yes,No,No,
hh02.dat,HUGHES HELICOPTERS HH-02 AIRFOIL,coordinates,Yes,Yes,No,No,
hobie.dat,HOBIE,coordinates,Yes,Yes,No,No,
hobiesm.dat,HOBIESMO1.DAT,coordinates,Yes,Yes,No,No,
hor04.dat,ONERA HOR04 AIRFOIL,coordinates,Yes,Yes,No,No,
hor07.dat,ONERA HOR07 AIRFOIL,coordinates,Yes,Yes,No,No,
hor12.dat,ONERA HOR12 AIRFOIL,coordinates,Yes,Yes,No,No,
hor20.dat,ONERA HOR20 AIRFOIL,coordinates,Yes,Yes,No,No,
hq010.dat,HQ 0/10 AIRFOIL,coordinates,Yes,Yes,No,No,
hq07.dat,HQ 0/7 AIRFOIL,coordinates,Yes,Yes,No,No,
hq09.dat,HQ 0/9 AIRFOIL,coordinates,Yes,Yes,No,No,
hq1010.dat,HQ 1.0/10 AIRFOIL,coordinates,Yes,Yes,No,No,
hq1012.dat,HQ 1.0/12 AIRFOIL,coordinates,Yes,Yes,No,No,
hq108.dat,HQ 1.0/8 AIRFOIL,coordinates,Yes,Yes,No,No,
hq109.dat,HQ 1.0/9 AIRFOIL,coordinates,Yes,Yes,No,No,
hq1510.dat,HQ 1.5/10 AIRFOIL,coordinates,Yes,Yes,No,No,
hq1511.dat,HQ 1.5/11 AIRFOIL,coordinates,Yes,Yes,No,No,
hq1512.dat,HQ 1.5/12 AIRFOIL,coordinates,Yes,Yes,No,No,
hq158.dat,HQ 1.5/8 AIRFOIL,coordinates,Yes,Yes,No,No,
hq1585.dat,HQ 1.5/8.5 AIRFOIL,coordinates,Yes,Yes,No,No,
hq159.dat,HQ 1.5/9 AIRFOIL,coordinates,Yes,Yes,No,No,
hq159b.dat,HQ 1.5/9 B AIRFOIL,coordinates,Yes,Yes,No,No,
hq17.dat,HORSTMANN AND QUAST HQ-17/14.38 AIRFOIL (MEASURED),coordinates,Yes,Yes,No,No,
hq2010.dat,HQ 2.0/10 AIRFOIL,coordinates,Yes,Yes,No,No,
hq2012.dat,HQ 2.0/12 AIRFOIL,coordinates,Yes,Yes,No,No,
hq208.dat,HQ 2.0/8 AIRFOIL,coordinates,Yes,Yes,No,No,
hq209.dat,HQ 2.0/9 AIRFOIL,coordinates,Yes,Yes,No,No,
hq2090sm.dat,HQ-2.0/9  9.0%   smoothed,coordinates,Yes,Yes,No,No,
hq2195.dat,HQ 2.1/9.5 AIRFOIL,coordinates,Yes,Yes,No,No,
hq2510.dat,HQ 2.5/10 AIRFOIL,coordinates,Yes,Yes,No,No,
hq2511.dat,HQ 2.5/11 AIRFOIL,coordinates,Yes,Yes,No,No,
hq2512.dat,HQ 2.5/12 AIRFOIL,coordinates,Yes,Yes,No,No,
hq258.dat,HQ 2.5/8 AIRFOIL,coordinates,Yes,Yes,No,No,
hq259.dat,HQ 2.5/9 AIRFOIL,coordinates,Yes,Yes,No,No,
hq2590sm.dat,HQ 2.5/9.0 smoothed by Eppler,coordinates,Yes,Yes,No,No,
hq259b.dat,HQ 2.5/9 B AIRFOIL,coordinates,Yes,Yes,No,No,
hq300gd2.dat,HORSTMANN AND QUAST HQ-300 GD(MOD 2) AIRFOIL,coordinates,Yes,Yes,No,No,
hq3010.dat,HQ 3.0/10 AIRFOIL,coordinates,Yes,Yes,No,No,
hq3011.dat,HQ 3.0/11 AIRFOIL,coordinates,Yes,Yes,No,No,
hq3012.dat,HQ 3.0/12 AIRFOIL,coordinates,Yes,Yes,No,No,
hq3013.dat,HQ 3.0/13 AIRFOIL,coordinates,Yes,Yes,No,No,
hq3014.dat,HQ 3.0/14 AIRFOIL,coordinates,Yes,Yes,No,No,
hq3015.dat,HQ 3.0/15 AIRFOIL,coordinates,Yes,Yes,No,No,
hq308.dat,HQ 3.0/8 AIRFOIL,coordinates,Yes,Yes,No,No,
hq309.dat,HQ 3.0/9 AIRFOIL,coordinates,Yes,Yes,No,No,
hq3510.dat,HQ 3.5/10 AIRFOIL,coordinates,Yes,Yes,No,No,
hq3512.dat,HQ 3.5/12 AIRFOIL,coordinates,Yes,Yes,No,No,
hq3513.dat,HQ 3.5/13 AIRFOIL,coordinates,Yes,Yes,No,No,
hq3514.dat,HQ 3.5/14 AIRFOIL,coordinates,Yes,Yes,No,No,
hq3518.dat,HQ 3.5/18 AIRFOIL,coordinates,Yes,Yes,No,No,
hq358.dat,HQ 3.5/8 AIRFOIL,coordinates,Yes,Yes,No,No,
hq359.dat,HQ 3.5/9 AIRFOIL,coordinates,Yes,Yes,No,No,
hs1404.dat,HAM-STD HS1-404 AIRFOIL,coordinates,Yes,Yes,No,No,
hs1430.dat,HAM-STD HS1-430 AIRFOIL,coordinates,Yes,Yes,No,No,
hs1606.dat,HAM-STD HS1-606 AIRFOIL,coordinates,Yes,Yes,No,No,
hs1620.dat,HAM-STD HS1-620 AIRFOIL,coordinates,Yes,Yes,No,No,
hs1708.dat,HAM-STD HS1-708 AIRFOIL,coordinates,Yes,Yes,No,No,
hs1712.dat,HAM-STD HS1-712 AIRFOIL,coordinates,Yes,Yes,No,No,
hsnlf213.dat,HSNLF(1)-0213 AIRFOIL,coordinates,Yes,Yes,No,No,
ht05.dat,HT05,coordinates,Yes,Yes,No,No,
ht08.dat,HT08,coordinates,Yes,Yes,No,No,
ht12.dat,HT12,coordinates,Yes,Yes,No,No,
ht13.dat,HT 13,coordinates,Yes,Yes,No,No,
ht14.dat,HT 14,coordinates,Yes,Yes,No,No,
ht21.dat,HT21,coordinates,Yes,Yes,No,No,
ht22.dat,HT22,coordinates,Yes,Yes,No,No,
ht23.dat,HT23,coordinates,Yes,Yes,No,No,
ht33.dat,HT33,coordinates,Yes,Yes,No,No,
ht34.dat,HT34,coordinates,Yes,Yes,No,No,
ht35.dat,HT35,coordinates,Yes,Yes,No,No,
isa571.dat,I.S.A. 571,coordinates,Yes,Yes,No,No,
isa960.dat,I.S.A. 960,coordinates,Yes,Yes,No,No,
isa961.dat,I.S.A. 961,coordinates,Yes,Yes,No,No,
isa962.dat,I.S.A. 962,coordinates,Yes,Yes,No,No,
ist-mt1-12.dat,IST-MT1-12,coordinates,Yes,Yes,No,No,
ist-mt1-15.dat,IST-MT1-15,coordinates,Yes,Yes,No,No,
ist-mt1-18.dat,IST-MT1-18,coordinates,Yes,Yes,No,No,
ist-mt1-21.dat,IST-MT1-21,coordinates,Yes,Yes,No,No,
ist-mt1-24.dat,IST-MT1-24,coordinates,Yes,Yes,No,No,
j5012.dat,J5012   12%,coordinates,Yes,Yes,No,No,
jn153.dat,JN-153 AIRFOIL,coordinates,Yes,Yes,No,No,
joukowsk.dat,12% JOUKOWSKI AIRFOIL,coordinates,Yes,Yes,No,No,
jx-gs-04.dat,JX-GS-04,coordinates,Yes,Yes,No,No,
jx-gs-06.dat,JX-GS-06,coordinates,Yes,Yes,No,No,
jx-gs-10.dat,JX-GS-10,coordinates,Yes,Yes,No,No,
jx-gs-15.dat,JX-GS-15,coordinates,Yes,Yes,No,No,
k1.dat,NYU/GRUMMAN K-1 AIRFOIL,coordinates,Yes,Yes,No,No,
k2.dat,GRUMMAN K-2 AIRFOIL,coordinates,Yes,Yes,No,No,
k3.dat,GRUMMAN K-3 AIRFOIL,coordinates,Yes,Yes,No,No,
k3311.dat,K3311  (original),coordinates,Yes,Yes,No,No,
k3311sm.dat,K3311 (smoothed),coordinates,Yes,Yes,No,No,
kc135a.dat,KC-135 BL52.44 AIRFOIL,coordinates,Yes,Yes,No,No,
kc135b.dat,KC-135 BL124.32 AIRFOIL,coordinates,Yes,Yes,No,No,
kc135c.dat,KC-135 BL200.76 AIRFOIL,coordinates,Yes,Yes,No,No,
kc135d.dat,KC-135 BL351.6 AIRFOIL,coordinates,Yes,Yes,No,No,
kc135winglet.dat,KC-135 Winglet (supercritical Whitcomb),coordinates,Yes,Yes,No,No,
kenmar.dat,KENNEDY AND MARSDEN AIRFOIL,coordinates,Yes,Yes,No,No,
l1003.dat,LIEBECK L1003 AIRFOIL,coordinates,Yes,Yes,No,No,
l188root.dat,LOCKHEED L-188 ROOT AIRFOIL,coordinates,Yes,Yes,No,No,
l188tip.dat,LOCKHEED L-188 TIP AIRFOIL,coordinates,Yes,Yes,No,No,
l7769.dat,LISSAMAN 7769 AIRFOIL,coordinates,Yes,Yes,No,No,
la203a.dat,DOUGLAS LA203A AIRFOIL,coordinates,Yes,Yes,No,No,
la2573a.dat,LA2573A,coordinates,Yes,Yes,No,No,
la5055.dat,LIEBECK LA5055 AIRFOIL,coordinates,Yes,Yes,No,No,
lds2.dat,LDS-2 AIRFOIL,coordinates,Yes,Yes,No,No,
legionair140_sm.dat,Legionair 140 (digitized and smoothed by MSelig),coordinates,Yes,Yes,No,No,
lg10sc.dat,LOCKHEED-GEORGIA SUPERCRITICAL AIRFOIL,coordinates,Yes,Yes,No,No,
lnv109a.dat,LNV109A,coordinates,Yes,Yes,No,No,
lrn1007.dat,lrn1007,coordinates,Yes,Yes,No,No,
lrn1015.dat,NASA LRN 1015 (NASA TM 102840),coordinates,Yes,Yes,No,No,
ls013.dat,NASA/LANGLEY LS(1)-0013 AIRFOIL,coordinates,Yes,Yes,No,No,
ls413.dat,NASA/LANGLEY LS(1)-0413 (GA(W)-2) AIRFOIL,coordinates,Yes,Yes,No,No,
ls413mod.dat,NASA/LANGLEY LS(1)-0413MOD AIRFOIL,coordinates,Yes,Yes,No,No,
ls417.dat,NASA/LANGLEY LS(1)-0417 (GA(W)-1) AIRFOIL,coordinates,Yes,Yes,No,No,
ls417mod.dat,NASA/LANGLEY LS(1)-0417MOD AIRFOIL,coordinates,Yes,Yes,No,No,
ls421.dat,NASA/LANGLEY LS(1)-0421 AIRFOIL,coordinates,Yes,Yes,No,No,
ls421mod.dat,NASA/LANGLEY LS(1)-0421MOD AIRFOIL,coordinates,Yes,Yes,No,No,
lwk79100.dat,LWK 79-100,coordinates,Yes,Yes,No,No,
lwk80080.dat,LWK 80-080,coordinates,Yes,Yes,No,No,
lwk80100.dat,LWK 80-100,coordinates,Yes,Yes,No,No,
lwk80120k25.dat,LWK 80-120/K25,coordinates,Yes,Yes,No,No,
lwk80150k25.dat,LWK 80-150/K25,coordinates,Yes,Yes,No,No,
m1.dat,NACA-M1 AIRFOIL,coordinates,Yes,Yes,No,No,
m10.dat,NACA M10 AIRFOIL,coordinates,Yes,Yes,No,No,
m11.dat,NACA M11 AIRFOIL,coordinates,Yes,Yes,No,No,
m12.dat,NACA M12 AIRFOIL,coordinates,Yes,Yes,No,No,
m13.dat,NACA M13 AIRFOIL,coordinates,Yes,Yes,No,No,
m14.dat,NACA M14 AIRFOIL,coordinates,Yes,Yes,No,No,
m15.dat,NACA M15 AIRFOIL,coordinates,Yes,Yes,No,No,
m16.dat,NACA M16 AIRFOIL,coordinates,Yes,Yes,No,No,
m17.dat,NACA M17 AIRFOIL,coordinates,Yes,Yes,No,No,
m18.dat,NACA M18 AIRFOIL,coordinates,Yes,Yes,No,No,
m19.dat,NACA M19 AIRFOIL,coordinates,Yes,Yes,No,No,
m2.dat,NACA M2 AIRFOIL,coordinates,Yes,Yes,No,No,
m20.dat,NACA M20 AIRFOIL,coordinates,Yes,Yes,No,No,
m21.dat,NACA M21 AIRFOIL,coordinates,Yes,Yes,No,No,
m22.dat,NACA M22 AIRFOIL,coordinates,Yes,Yes,No,No,
m23.dat,NACA M23 AIRFOIL,coordinates,Yes,Yes,No,No,
m24.dat,NACA M24 AIRFOIL,coordinates,Yes,Yes,No,No,
m25.dat,NACA M25 AIRFOIL,coordinates,Yes,Yes,No,No,
m26.dat,NACA M26 AIRFOIL,coordinates,Yes,Yes,No,No,
m27.dat,NACA M27 AIRFOIL,coordinates,Yes,Yes,No,No,
m3.dat,NACA M3 AIRFOIL,coordinates,Yes,Yes,No,No,
m4.dat,NACA M4 AIRFOIL,coordinates,Yes,Yes,No,No,
m5.dat,NACA M5 AIRFOIL,coordinates,Yes,Yes,No,No,
m6.dat,NACA M6 AIRFOIL,coordinates,Yes,Yes,No,No,
m665.dat,M6 (65%),coordinates,Yes,Yes,No,No,
m685.dat,M6 (85%),coordinates,Yes,Yes,No,No,
m7.dat,NACA M7 AIRFOIL,coordinates,Yes,Yes,No,No,
m8.dat,NACA M8 AIRFOIL,coordinates,Yes,Yes,No,No,
m9.dat,NACA M9 AIRFOIL,coordinates,Yes,Yes,No,No,
ma409.dat,MA409 (original),coordinates,Yes,Yes,No,No,
ma409sm.dat,MA409 (smoothed),coordinates,Yes,Yes,No,No,
marsden.dat,Marsden,coordinates,Yes,Yes,No,No,
marske1.dat,MARSKE XM-1D AIRFOIL (F14-3.0),coordinates,Yes,Yes,No,No,
marske2.dat,MARSKE PIONEER IA AIRFOIL (NACA 23112/43012A HYBRID),coordinates,Yes,Yes,No,No,
marske3.dat,MARSKE PIONEER IID ROOT AIRFOIL (NACA 431012A/24112 HYBRID),coordinates,Yes,Yes,No,No,
marske4.dat,MARSKE PIONEER IID TIP AIRFOIL (NACA 431012A*.833 HYBRID),coordinates,Yes,Yes,No,No,
marske5.dat,MARSKE MONARCH AIRFOIL (NACA 43012A),coordinates,Yes,Yes,No,No,
marske7.dat,RONCZ LOW DRAG FLYING WING AIRFOIL,coordinates,Yes,Yes,No,No,
mb253515sm.dat,MB253515 15.0% smoothed,coordinates,Yes,Yes,No,No,
mh102.dat,MH 102  16.99%,coordinates,Yes,Yes,No,No,
mh104.dat,MH 104  15.28%,coordinates,Yes,Yes,No,No,
mh106.dat,MH 106  13.07%,coordinates,Yes,Yes,No,No,
mh108.dat,MH 108  11.98%,coordinates,Yes,Yes,No,No,
mh110.dat,MH 110  10.01%,coordinates,Yes,Yes,No,No,
mh112.dat,MH 112  16.2%,coordinates,Yes,Yes,No,No,
mh113.dat,MH 113  14.62%,coordinates,Yes,Yes,No,No,
mh114.dat,MH 114  13.02%,coordinates,Yes,Yes,No,No,
mh115.dat,MH 115  11.06%,coordinates,Yes,Yes,No,No,
mh116.dat,MH 116  9.84%,coordinates,Yes,Yes,No,No,
mh117.dat,MH 117  9.8%,coordinates,Yes,Yes,No,No,
mh120.dat,MH 120  8.0%,coordinates,Yes,Yes,No,No,
mh121.dat,MH 121  8.76%,coordinates,Yes,Yes,No,No,
mh122.dat,MH 122  9.32%,coordinates,Yes,Yes,No,No,
mh126.dat,MH 126 25.0%,coordinates,Yes,Yes,No,No,
mh150.dat,MH 150  23.89%,coordinates,Yes,Yes,No,No,
mh18.dat,MH 18  11.16%,coordinates,Yes,Yes,No,No,
mh20.dat,MH 20  9.01%,coordinates,Yes,Yes,No,No,
mh200.dat,MH 200  12.97%,coordinates,Yes,Yes,No,No,
mh201.dat,MH 201  13.08%,coordinates,Yes,Yes,No,No,
mh22.dat,MH 22  7.2%,coordinates,Yes,Yes,No,No,
mh23.dat,MH 23  8%,coordinates,Yes,Yes,No,No,
mh24.dat,MH 24  9.01%,coordinates,Yes,Yes,No,No,
mh25.dat,MH 25  9.98%,coordinates,Yes,Yes,No,No,
mh26.dat,MH 26  10.99%,coordinates,Yes,Yes,No,No,
mh27.dat,MH 27  11.99%,coordinates,Yes,Yes,No,No,
mh30.dat,MH 30  7.84%,coordinates,Yes,Yes,No,No,
mh32.dat,MH 32  8.7%,coordinates,Yes,Yes,No,No,
mh33.dat,MH 33,coordinates,Yes,Yes,No,No,
mh38.dat,MH 38  9.68%,coordinates,Yes,Yes,No,No,
mh42.dat,MH 42  8.94%,coordinates,Yes,Yes,No,No,
mh43.dat,MH 43  8.5%,coordinates,Yes,Yes,No,No,
mh44.dat,MH 44  9.66%,coordinates,Yes,Yes,No,No,
mh45.dat,MH 45  9.85%,coordinates,Yes,Yes,No,No,
mh46.dat,MH 46  11.39%,coordinates,Yes,Yes,No,No,
mh49.dat,MH 49,coordinates,Yes,Yes,No,No,
mh60.dat,MH 60  10.08%,coordinates,Yes,Yes,No,No,
mh61.dat,MH 61  10.26%,coordinates,Yes,Yes,No,No,
mh62.dat,MH 62  9.3%,coordinates,Yes,Yes,No,No,
mh64.dat,MH 64  8.59%,coordinates,Yes,Yes,No,No,
mh70.dat,MH 70  11.08%,coordinates,Yes,Yes,No,No,
mh78.dat,MH 78  14.47%,coordinates,Yes,Yes,No,No,
mh80.dat,MH 80  12.72%,coordinates,Yes,Yes,No,No,
mh81.dat,MH 81  13%,coordinates,Yes,Yes,No,No,
mh82.dat,MH 82  13.31%,coordinates,Yes,Yes,No,No,
mh83.dat,MH 83  13.29%,coordinates,Yes,Yes,No,No,
mh84.dat,MH 84  13.69%,coordinates,Yes,Yes,No,No,
mh91.dat,MH 91  14.98%,coordinates,Yes,Yes,No,No,
mh92.dat,MH 92  15.49%,coordinates,Yes,Yes,No,No,
mh93.dat,MH 93  15.98%,coordinates,Yes,Yes,No,No,
mh94.dat,MH 94  16.03%,coordinates,Yes,Yes,No,No,
mh95.dat,MH 95  15.86%,coordinates,Yes,Yes,No,No,
mi-strut1.dat,MI-STRUT1,coordinates,Yes,Yes,No,No,
mi-vawt1.dat,MI-VAWT1,coordinates,Yes,Yes,No,No,
miley.dat,MILEY M06-13-128,coordinates,Yes,Yes,No,No,
mrc-16.dat,MRC-16,coordinates,Yes,Yes,No,No,
mrc-20.dat,MRC-20,coordinates,Yes,Yes,No,No,
ms313.dat,NASA/LANGLEY MS(1)-0313 AIRFOIL,coordinates,Yes,Yes,No,No,
ms317.dat,NASA/LANGLEY MS(1)-0317 AIRFOIL,coordinates,Yes,Yes,No,No,
mue139.dat,MUE 139,coordinates,Yes,Yes,No,No,
n0009sm.dat,NACA-0009 9.0% smoothed,coordinates,Yes,Yes,No,No,
n0011sc.dat,NACA/LANGLEY SYMMETRICAL; SUPERCRITICAL AIRFOIL,coordinates,Yes,Yes,No,No,
n0012.dat,NACA 0012 AIRFOILS,coordinates,Yes,Yes,No,No,
n10.dat,N-10,coordinates,Yes,Yes,No,No,
n11.dat,N-11,coordinates,Yes,Yes,No,No,
n11h9.dat,NACA 11-H-09 AIRFOIL,coordinates,Yes,Yes,No,No,
n12.dat,N-12,coordinates,Yes,Yes,No,No,
n13.dat,N-13,coordinates,Yes,Yes,No,No,
n14.dat,N-14,coordinates,Yes,Yes,No,No,
n1h15.dat,NACA 1-H-15 AIRFOIL,coordinates,Yes,Yes,No,No,
n22.dat,N-22,coordinates,Yes,Yes,No,No,
n24.dat,N-24,coordinates,Yes,Yes,No,No,
n2414.dat,NACA 2414,coordinates,Yes,Yes,No,No,
n2415.dat,NACA 2415,coordinates,Yes,Yes,No,No,
n2h15.dat,NACA 2-H-15 AIRFOIL,coordinates,Yes,Yes,No,No,
n5h10.dat,NACA 5-H-10 AIRFOIL,coordinates,Yes,Yes,No,No,
n5h15.dat,NACA 5-H-15 AIRFOIL,coordinates,Yes,Yes,No,No,
n5h20.dat,NACA 5-H-20 AIRFOIL,coordinates,Yes,Yes,No,No,
n63010a.dat,NACA 63A010 AIRFOIL,coordinates,Yes,Yes,No,No,
n63012a.dat,NACA 63012A AIRFOIL,coordinates,Yes,Yes,No,No,
n63015a.dat,NACA 63-015A AIRFOIL,coordinates,Yes,Yes,No,No,
n63210.dat,NACA 63-210 AIRFOIL,coordinates,Yes,Yes,No,No,
n63212.dat,NACA 63-212 AIRFOIL,coordinates,Yes,Yes,No,No,
n63215.dat,NACA 63-215 AIRFOIL,coordinates,Yes,Yes,No,No,
n63215b.dat,NACA 63(2)-215 MOD B,coordinates,Yes,Yes,No,No,
n63412.dat,NACA 63-412 AIRFOIL,coordinates,Yes,Yes,No,No,
n63415.dat,NACA 63-415 AIRFOIL,coordinates,Yes,Yes,No,No,
n64008a.dat,NACA 64-008A AIRFOIL,coordinates,Yes,Yes,No,No,
n64012.dat,NASA/LANGLEY 64-012 AIRFOIL,coordinates,Yes,Yes,No,No,
n64012a.dat,NACA 64-012A AIRFOIL,coordinates,Yes,Yes,No,No,
n64015.dat,NACA 642-015 AIRFOIL,coordinates,Yes,Yes,No,No,
n64015a.dat,NACA 642-015A AIRFOIL,coordinates,Yes,Yes,No,No,
n6409.dat,NACA6409 9%,coordinates,Yes,Yes,No,No,
n64108.dat,NACA 64-108 AIRFOIL,coordinates,Yes,Yes,No,No,
n64110.dat,NACA 64-110 AIRFOIL,coordinates,Yes,Yes,No,No,
n64212.dat,NACA 64(1)-212,coordinates,Yes,Yes,No,No,
n64212ma.dat,NACA 64(1)-212 MOD A,coordinates,Yes,Yes,No,No,
n64212mb.dat,NACA 64(1)-212 MOD B,coordinates,Yes,Yes,No,No,
n64215.dat,NACA 64-215 AIRFOIL,coordinates,Yes,Yes,No,No,
n642415.dat,NACA 64(2)-415 [NACA 6a series from Theory of Wing Sections],coordinates,Yes,Yes,No,No,
n66021.dat,NACA 66-021 AIRFOIL,coordinates,Yes,Yes,No,No,
n6h10.dat,NACA 6-H-10 AIRFOIL,coordinates,Yes,Yes,No,No,
n6h15.dat,NACA 6-H-15 AIRFOIL,coordinates,Yes,Yes,No,No,
n6h20.dat,NACA 6-H-20 AIRFOIL,coordinates,Yes,Yes,No,No,
n8h12.dat,NACA 8-H-12 AIRFOIL,coordinates,Yes,Yes,No,No,
n9.dat,N-9,coordinates,Yes,Yes,No,No,
naca0006.dat,NACA 0006,coordinates,Yes,Yes,No,No,
naca0008.dat,NACA 0008,coordinates,Yes,Yes,No,No,
naca000834.dat,NACA 0008-34,coordinates,Yes,Yes,No,No,
naca0010.dat,NACA 0010,coordinates,Yes,Yes,No,No,
naca001034.dat,NACA 0010-34,coordinates,Yes,Yes,No,No,
naca001034a08cli0.2.dat,NACA 0010-34 a=0.8 c(li)=0.2,coordinates,Yes,Yes,No,No,
naca001035.dat,NACA 0010-35,coordinates,Yes,Yes,No,No,
naca001064.dat,NACA 0010-64,coordinates,Yes,Yes,No,No,
naca001065.dat,NACA 0010-65,coordinates,Yes,Yes,No,No,
naca001066.dat,NACA 0010-66,coordinates,Yes,Yes,No,No,
naca001234.dat,NACA 0012-34,coordinates,Yes,Yes,No,No,
naca001264.dat,NACA 0012-64,coordinates,Yes,Yes,No,No,
naca001264a08cli0.2.dat,NACA 0012-64 a=0.8 c(li)=0.2,coordinates,Yes,Yes,No,No,
naca0015.dat,NACA 0015,coordinates,Yes,Yes,No,No,
naca0018.dat,NACA 0018,coordinates,Yes,Yes,No,No,
naca0021.dat,NACA 0021,coordinates,Yes,Yes,No,No,
naca0024.dat,NACA 0024,coordinates,Yes,Yes,No,No,
naca1.dat,NACA-1 COWL,coefficients,No,No,Yes,Yes,
naca1408.dat,NACA 1408,coordinates,Yes,Yes,No,No,
naca1410.dat,NACA 1410,coordinates,Yes,Yes,No,No,
naca1412.dat,NACA 1412,coordinates,Yes,Yes,No,No,
naca16006.dat,NACA 16-006,coordinates,Yes,Yes,No,No,
naca16009.dat,NACA 16009,coordinates,Yes,Yes,No,No,
naca16012.dat,NACA 16-012,coordinates,Yes,Yes,No,No,
naca16015.dat,NACA 16-015,coordinates,Yes,Yes,No,No,
naca16018.dat,NACA 16-018,coordinates,Yes,Yes,No,No,
naca16021.dat,NACA 16-021,coordinates,Yes,Yes,No,No,
naca23012.dat,NACA 23012  12%,coordinates,Yes,Yes,No,No,
naca23015.dat,NACA 23015,coordinates,Yes,Yes,No,No,
naca23018.dat,NACA 23018,coordinates,Yes,Yes,No,No,
naca23021.dat,NACA 23021,coordinates,Yes,Yes,No,No,
naca23024.dat,NACA 23024,coordinates,Yes,Yes,No,No,
naca2408.dat,NACA 2408,coordinates,Yes,Yes,No,No,
naca2410.dat,NACA 2410,coordinates,Yes,Yes,No,No,
naca2411.dat,NACA 2.5411,coordinates,Yes,Yes,No,No,
naca2412.dat,NACA 2412,coordinates,Yes,Yes,No,No,
naca2415.dat,NACA 2415,coordinates,Yes,Yes,No,No,
naca2418.dat,NACA 2418,coordinates,Yes,Yes,No,No,
naca2421.dat,NACA 2421,coordinates,Yes,Yes,No,No,
naca2424.dat,NACA 2424,coordinates,Yes,Yes,No,No,
naca4412.dat,NACA 4412,coordinates,Yes,Yes,No,No,
naca4415.dat,NACA 4415,coordinates,Yes,Yes,No,No,
naca4418.dat,NACA 4418,coordinates,Yes,Yes,No,No,
naca4421.dat,NACA 4421,coordinates,Yes,Yes,No,No,
naca4424.dat,NACA 4424,coordinates,Yes,Yes,No,No,
naca63206.dat,NACA 63-206,coordinates,Yes,Yes,No,No,
naca63209.dat,NACA 63-209,coordinates,Yes,Yes,No,No,
naca632615.dat,NACA 63(2)-615,coordinates,Yes,Yes,No,No,
naca632a015.dat,NACA 63(2)A-015,coordinates,Yes,Yes,No,No,
naca633018.dat,NACA 63(3)-018,coordinates,Yes,Yes,No,No,
naca633218.dat,NACA 63(3)-218,coordinates,Yes,Yes,No,No,
naca633418.dat,NACA 63;3-418,coordinates,Yes,Yes,No,No,
naca633618.dat,NACA 63(3)-618,coordinates,Yes,Yes,No,No,
naca634221.dat,NACA 63(4)-221,coordinates,Yes,Yes,No,No,
naca634421.dat,NACA 63(4)-421,coordinates,Yes,Yes,No,No,
naca63a210.dat,NACA 63A210,coordinates,Yes,Yes,No,No,
naca641112.dat,NACA 64(1)-112,coordinates,Yes,Yes,No,No,
naca6412.dat,NACA 6412,coordinates,Yes,Yes,No,No,
naca64206.dat,NACA 64-206,coordinates,Yes,Yes,No,No,
naca64208.dat,NACA 64-208,coordinates,Yes,Yes,No,No,
naca64209.dat,NACA 64-209,coordinates,Yes,Yes,No,No,
naca64210.dat,NACA 64-210,coordinates,Yes,Yes,No,No,
naca642215.dat,NACA 64(2)-215,coordinates,Yes,Yes,No,No,
naca642415.dat,NACA 64(2)-415,coordinates,Yes,Yes,No,No,
naca643218.dat,NACA 64(3)-218,coordinates,Yes,Yes,No,No,
naca643418.dat,NACA 64(3)-418,coordinates,Yes,Yes,No,No,
naca643618.dat,NACA 64(3)-618,coordinates,Yes,Yes,No,No,
naca644221.dat,NACA 64(4)-221,coordinates,Yes,Yes,No,No,
naca644421.dat,NACA 64(4)-421,coordinates,Yes,Yes,No,No,
naca64a010.dat,NACA 64A-010 10.0%,coordinates,Yes,Yes,No,No,
naca64a210.dat,NACA 64A210,coordinates,Yes,Yes,No,No,
naca64a410.dat,NACA 64A410,coordinates,Yes,Yes,No,No,
naca651212.dat,NACA 65(1)-212,coordinates,Yes,Yes,No,No,
naca651212a06.dat,NACA 65(1)-212 a=0.6,coordinates,Yes,Yes,No,No,
naca651412.dat,NACA 65(1)-412,coordinates,Yes,Yes,No,No,
naca65206.dat,NACA 65-206,coordinates,Yes,Yes,No,No,
naca65209.dat,NACA 65-209,coordinates,Yes,Yes,No,No,
naca65210.dat,NACA 65-210,coordinates,Yes,Yes,No,No,
naca652215.dat,NACA 65(2)-215,coordinates,Yes,Yes,No,No,
naca652415.dat,NACA 65(2)-415,coordinates,Yes,Yes,No,No,
naca652415a05.dat,NACA 65(2)-415 a=0.5,coordinates,Yes,Yes,No,No,
naca653218.dat,NACA 65(3)-218,coordinates,Yes,Yes,No,No,
naca653618.dat,NACA 65(3)-618,coordinates,Yes,Yes,No,No,
naca65410.dat,NACA 65-410,coordinates,Yes,Yes,No,No,
naca654221.dat,NACA 65(4)-221,coordinates,Yes,Yes,No,No,
naca654421.dat,NACA 65(4)-421,coordinates,Yes,Yes,No,No,
naca654421a05.dat,NACA 65(4)-421 a=0.5,coordinates,Yes,Yes,No,No,
naca66-018.dat,NACA 66-018,coordinates,Yes,Yes,No,No,
naca661212.dat,NACA 66(1)-212,coordinates,Yes,Yes,No,No,
naca66206.dat,NACA 66-206,coordinates,Yes,Yes,No,No,
naca66209.dat,NACA 66-209,coordinates,Yes,Yes,No,No,
naca66210.dat,NACA 66-210,coordinates,Yes,Yes,No,No,
naca662215.dat,NACA 66(2)-215,coordinates,Yes,Yes,No,No,
naca662415.dat,NACA 66(2)-415,coordinates,Yes,Yes,No,No,
naca663218.dat,NACA 66(3)-218,coordinates,Yes,Yes,No,No,
naca663418.dat,NACA 66(3)-418,coordinates,Yes,Yes,No,No,
naca664221.dat,NACA 66(4)-221,coordinates,Yes,Yes,No,No,
naca671215.dat,NACA 67;1-215,coordinates,Yes,Yes,No,No,
naca747a315.dat,NACA 747A315,coordinates,Yes,Yes,No,No,
naca747a415.dat,NACA 747A415,coordinates,Yes,Yes,No,No,
nacacyh.dat,NACA CYH,coordinates,Yes,Yes,No,No,
nacam12.dat,NACA M12,coordinates,Yes,Yes,No,No,
nacam18.dat,NACA M18,coordinates,Yes,Yes,No,No,
nacam2.dat,NACA M2,coordinates,Yes,Yes,No,No,
nacam3.dat,NACA M3,coordinates,Yes,Yes,No,No,
nacam6.dat,NACA M6,coordinates,Yes,Yes,No,No,
nasasc2-0714.dat,SC(2)-0714 | Supercritical airfoil (coordinates from Raymer w/ one correction). These coordinates are actual model coordinates; not coordinates as designed. Ref: NASA TP-2890,coordinates,Yes,Yes,No,No,
ncambre.dat,ONERA NACA CAMBRE AIRFOIL,coordinates,Yes,Yes,No,No,
nl722343.dat,NLR-7223-43 AIRFOIL,coordinates,Yes,Yes,No,No,
nl722362.dat,NLR-7223-62 AIRFOIL,coordinates,Yes,Yes,No,No,
nlf0115.dat,NASA NLF(1)-0115,coordinates,Yes,Yes,No,No,
nlf0215f.dat,NASA NLF(1)-0215F,coordinates,Yes,Yes,No,No,
nlf1015.dat,NASA NLF(1)-1015,coordinates,Yes,Yes,No,No,
nlf414f.dat,NASA NLF(1)-0414F,coordinates,Yes,Yes,No,No,
nlf415.dat,NASA/DLR NLF(2)-0415,coordinates,Yes,Yes,No,No,
nlf416.dat,NASA NLF(1)-0416,coordinates,Yes,Yes,No,No,
nlr1t.dat,NLR-1T AIRFOIL,coordinates,Yes,Yes,No,No,
nlr7301.dat,NLR-7301 AIRFOIL,coordinates,Yes,Yes,No,No,
nn7mk20.dat,NN7 MK20,coordinates,Yes,Yes,No,No,
npl9510.dat,NPL 9510 AIRFOIL,coordinates,Yes,Yes,No,No,
npl9615.dat,NPL 9615 AIRFOIL,coordinates,Yes,Yes,No,No,
npl9626.dat,NPL 9626 AIRFOIL,coordinates,Yes,Yes,No,No,
npl9627.dat,NPL 9627 AIRFOIL,coordinates,Yes,Yes,No,No,
npl9660.dat,NPL 9660 AIRFOIL,coordinates,Yes,Yes,No,No,
nplx.dat,NPL AIRFOIL FROM ARC CP 1372,coordinates,Yes,Yes,No,No,
oa206.dat,ONERA OA206 AIRFOIL,coordinates,Yes,Yes,No,No,
oa209.dat,ONERA OA209 AIRFOIL,coordinates,Yes,Yes,No,No,
oa212.dat,ONERA OA212 AIRFOIL,coordinates,Yes,Yes,No,No,
oa213.dat,ONERA OA213 AIRFOIL,coordinates,Yes,Yes,No,No,
oaf095.dat,OAF095 AIRFOIL,coordinates,Yes,Yes,No,No,
oaf102.dat,OAF102 AIRFOIL,coordinates,Yes,Yes,No,No,
oaf117.dat,OAF117 AIRFOIL,coordinates,Yes,Yes,No,No,
oaf128.dat,OAF128 AIRFOIL,coordinates,Yes,Yes,No,No,
oaf139.dat,OAF139 AIRFOIL,coordinates,Yes,Yes,No,No,
p51droot.dat,P-51D ROOT (BL17.5) AIRFOIL,coordinates,Yes,Yes,No,No,
p51dtip.dat,P-51D TIP (BL215) AIRFOIL,coordinates,Yes,Yes,No,No,
p51hroot.dat,NACA 66;2-(1.8)15.5 A=.6 P-51 ROOT AIRFOIL,coordinates,Yes,Yes,No,No,
p51htip.dat,NACA 66;2-(1.8)12 A=.6 P-51 TIP AIRFOIL,coordinates,Yes,Yes,No,No,
pfcm.dat,PROPFAN CRUISE MISSILE WING AIRFOIL,coordinates,Yes,Yes,No,No,
pmc19sm.dat,PMC19 Smoothed,coordinates,Yes,Yes,No,No,
prandtl-d-centerline.dat,Prandtl-D Centerline NASA TP-2016-219072,coordinates,Yes,Yes,No,No,
prandtl-d-wingtip.dat,Prandtl-D Wingtip NASA TP-2016-219072,coordinates,Yes,Yes,No,No,
psu-90-125wl.dat,PSU-90-125WL,coordinates,Yes,Yes,No,No,
psu94097.dat,PSU 94-097 (AIAA 2001-2478),coordinates,Yes,Yes,No,No,
pt40.dat,PT40,coordinates,Yes,Yes,No,No,
r1046.dat,RONCZ 1046 VOYAGER CANARD AIRFOIL,coordinates,Yes,Yes,No,No,
r1080.dat,RONCZ 1080 VOYAGER INNER AFT WING AIRFOIL,coordinates,Yes,Yes,No,No,
r1082.dat,RONCZ 1082 VOYAGER ROOT OUTER AFT WING AIRFOIL,coordinates,Yes,Yes,No,No,
r1082t.dat,RONCZ 1082T VOYAGER TIP OUTER AFT WING AIRFOIL,coordinates,Yes,Yes,No,No,
r1145ms.dat,RONCZ R1145MS AIRFOIL,coordinates,Yes,Yes,No,No,
r1145msf.dat,RONCZ R1145MS FLAP ELEMENT (LONG EZ PIVOT X=0.6874131; Z=-.0138996),coordinates,Yes,Yes,No,No,
r1145msm.dat,RONCZ R1145MS MAIN ELEMENT,coordinates,Yes,Yes,No,No,
r140.dat,R140 (original),coordinates,Yes,Yes,No,No,
r140sm.dat,R140  12.04% (smoothed),coordinates,Yes,Yes,No,No,
rae100.dat,RAE 100 AIRFOIL,coordinates,Yes,Yes,No,No,
rae101.dat,RAE 101 AIRFOIL,coordinates,Yes,Yes,No,No,
rae102.dat,RAE 102 AIRFOIL,coordinates,Yes,Yes,No,No,
rae103.dat,RAE 103 AIRFOIL,coordinates,Yes,Yes,No,No,
rae104.dat,RAE 104 AIRFOIL,coordinates,Yes,Yes,No,No,
rae2822.dat,RAE 2822 AIRFOIL,coordinates,Yes,Yes,No,No,
rae5212.dat,RAE(NPL) 5212 AIRFOIL,coordinates,Yes,Yes,No,No,
rae5213.dat,RAE(NPL) 5213 AIRFOIL,coordinates,Yes,Yes,No,No,
rae5214.dat,RAE 5214 AIRFOIL,coordinates,Yes,Yes,No,No,
rae5215.dat,RAE 5215 AIRFOIL,coordinates,Yes,Yes,No,No,
rae69ck.dat,RAE6-9CK AIRFOIL,coordinates,Yes,Yes,No,No,
raf15.dat,RAF 15 AIRFOIL,coordinates,Yes,Yes,No,No,
raf19.dat,RAF 19 AIRFOIL,coordinates,Yes,Yes,No,No,
raf25.dat,RAF 25 AIRFOIL,coordinates,Yes,Yes,No,No,
raf26.dat,RAF 26 AIRFOIL,coordinates,Yes,Yes,No,No,
raf27.dat,RAF 27 AIRFOIL,coordinates,Yes,Yes,No,No,
raf28.dat,RAF 28 AIRFOIL,coordinates,Yes,Yes,No,No,
raf30.dat,RAF 30 AIRFOIL,coordinates,Yes,Yes,No,No,
raf30md.dat,RAF 30 MOD AIRFOIL,coordinates,Yes,Yes,No,No,
raf31.dat,RAF 31 AIRFOIL,coordinates,Yes,Yes,No,No,
raf32.dat,RAF 32 AIRFOIL,coordinates,Yes,Yes,No,No,
raf32md.dat,RAF 32 MOD AIRFOIL,coordinates,Yes,Yes,No,No,
raf33.dat,RAF 33 AIRFOIL,coordinates,Yes,Yes,No,No,
raf34.dat,RAF 34 AIRFOIL,coordinates,Yes,Yes,No,No,
raf38.dat,RAF 38 AIRFOIL,coordinates,Yes,Yes,No,No,
raf48.dat,RAF-48 AIRFOIL,coordinates,Yes,Yes,No,No,
raf6.dat,RAF 6 AIRFOIL,coordinates,Yes,Yes,No,No,
raf69.dat,RAF 69 AIRFOIL,coordinates,Yes,Yes,No,No,
raf6prop_sm.dat,RAF 6 AIRFOIL; 12%; LE rad. 0.012; TE rad. 0.0092; NACA TR259 smoothed,coordinates,Yes,Yes,No,No,
raf89.dat,RAF 89 AIRFOIL,coordinates,Yes,Yes,No,No,
rc0864c.dat,NASA/LANGLEY RC08-64C AIRFOIL,coordinates,Yes,Yes,No,No,
rc08b3.dat,NASA/LANGLEY RC-08(B)3 AIRFOIL,coordinates,Yes,Yes,No,No,
rc08n1.dat,NASA/LANGLEY RC-08(N)1 AIRFOIL,coordinates,Yes,Yes,No,No,
rc1064c.dat,NASA/LANGLEY RC10-64C AIRFOIL,coordinates,Yes,Yes,No,No,
rc10b3.dat,NASA/LANGLEY RC-10(B)3 AIRFOIL,coordinates,Yes,Yes,No,No,
rc10n1.dat,NASA/LANGLEY RC-10(N)1 AIRFOIL,coordinates,Yes,Yes,No,No,
rc1264c.dat,NASA/LANGLEY RC12-64C AIRFOIL,coordinates,Yes,Yes,No,No,
rc12b3.dat,NASA/LANGLEY RC-12(B)3 AIRFOIL,coordinates,Yes,Yes,No,No,
rc12n1.dat,NASA/LANGLEY RC-12(N)1 AIRFOIL,coordinates,Yes,Yes,No,No,
rc410.dat,NASA RC(4)-10 AIRFOIL,coordinates,Yes,Yes,No,No,
rc510.dat,NASA RC(5)-10 AIRFOIL,coordinates,Yes,Yes,No,No,
rcsc2.dat,NASA/LANGLEY RC-SC2 AIRFOIL,coordinates,Yes,Yes,No,No,
rg12.dat,RG-12,coordinates,Yes,Yes,No,No,
rg12a.dat,AIRFOIL PROFILE12A 9.00%,coordinates,Yes,Yes,No,No,
rg12a189.dat,RG 12A-1.8/9.0 AIRFOIL,coordinates,Yes,Yes,No,No,
rg14.dat,RG 14 AIRFOIL,coordinates,Yes,Yes,No,No,
rg1410.dat,RG 14 10% AIRFOIL,coordinates,Yes,Yes,No,No,
rg149.dat,RG 14 9% AIRFOIL,coordinates,Yes,Yes,No,No,
rg1495.dat,RG 14 9.5% AIRFOIL,coordinates,Yes,Yes,No,No,
rg14a147.dat,RG 14A-1.4/7.0 AIRFOIL,coordinates,Yes,Yes,No,No,
rg15.dat,RG-15 8.9%,coordinates,Yes,Yes,No,No,
rg15a111.dat,RG 15A-1.8/11.0 AIRFOIL,coordinates,Yes,Yes,No,No,
rg15a213.dat,RG 15A 2.5/13.0 AIRFOIL,coordinates,Yes,Yes,No,No,
rg8.dat,RG 8 AIRFOIL,coordinates,Yes,Yes,No,No,
rhodesg30.dat,Rhode St. Genese 30,coordinates,Yes,Yes,No,No,
rhodesg32.dat,Rhode St. Genese 32,coordinates,Yes,Yes,No,No,
rhodesg34.dat,Rhode St. Genese 34,coordinates,Yes,Yes,No,No,
rhodesg36.dat,Rhode St. Genese 36,coordinates,Yes,Yes,No,No,
s1010.dat,S1010 HPV airfoil,coordinates,Yes,Yes,No,No,
s1012.dat,S1012,coordinates,Yes,Yes,No,No,
s1014.dat,S1014,coordinates,Yes,Yes,No,No,
s1016.dat,S1016,coordinates,Yes,Yes,No,No,
s1020.dat,S1020 Ornithopter airfoil,coordinates,Yes,Yes,No,No,
s102b.dat,SOMERS S102 AIRFOIL (BLUNT),coordinates,Yes,Yes,No,No,
s102s.dat,SOMERS S102 AIRFOIL (SHARP),coordinates,Yes,Yes,No,No,
s1046.dat,S1046 17% (Danny Howell),coordinates,Yes,Yes,No,No,
s1048.dat,S1048 14% (Danny Howell),coordinates,Yes,Yes,No,No,
s1091.dat,S1091,coordinates,Yes,Yes,No,No,
s1210.dat,S1210 12%,coordinates,Yes,Yes,No,No,
s1221-4deg-flap.dat,S1221  w/ 4 deg flap,coordinates,Yes,Yes,No,No,
s1221.dat,S1221  w/o flap,coordinates,Yes,Yes,No,No,
s1223.dat,S1223,coordinates,Yes,Yes,No,No,
s1223rtl.dat,S1223 RTL,coordinates,Yes,Yes,No,No,
s2027.dat,S2027,coordinates,Yes,Yes,No,No,
s2046.dat,S2046,coordinates,Yes,Yes,No,No,
s2048.dat,S2048,coordinates,Yes,Yes,No,No,
s2050.dat,S2050 8.93%,coordinates,Yes,Yes,No,No,
s2055.dat,S2055,coordinates,Yes,Yes,No,No,
s2060.dat,S2060 8%,coordinates,Yes,Yes,No,No,
s2062.dat,S2062 8%,coordinates,Yes,Yes,No,No,
s2091.dat,S2091-101-83,coordinates,Yes,Yes,No,No,
s3.dat,REPUBLIC S-3 AIRFOIL,coordinates,Yes,Yes,No,No,
s3002.dat,SELIG 3002-099-83,coordinates,Yes,Yes,No,No,
s3010.dat,S3010-103-84,coordinates,Yes,Yes,No,No,
s3014.dat,S3014-095-85,coordinates,Yes,Yes,No,No,
s3016.dat,S3016-095-87,coordinates,Yes,Yes,No,No,
s3021.dat,S3021-095-84,coordinates,Yes,Yes,No,No,
s3024.dat,S3024 9.84%,coordinates,Yes,Yes,No,No,
s3025.dat,S3025 9.38%,coordinates,Yes,Yes,No,No,
s4022.dat,S4022,coordinates,Yes,Yes,No,No,
s4053.dat,S4053,coordinates,Yes,Yes,No,No,
s4061.dat,S4061-096-84,coordinates,Yes,Yes,No,No,
s4062.dat,S4062-095-87,coordinates,Yes,Yes,No,No,
s4083.dat,S4083 (8%),coordinates,Yes,Yes,No,No,
s4094.dat,S4094 (root airfoil designed for and used on the E-flite UMX ASK-21 scale RC sailplane),coordinates,Yes,Yes,No,No,
s4095.dat,S4095 (designed for the E-flite UMX ASK-21 scale RC sailplane),coordinates,Yes,Yes,No,No,
s4096.dat,S4096 (designed for the E-flite UMX ASK-21 scale RC sailplane),coordinates,Yes,Yes,No,No,
s4110.dat,S4110,coordinates,Yes,Yes,No,No,
s4158.dat,S4158,coordinates,Yes,Yes,No,No,
s4180.dat,S4180-098-84,coordinates,Yes,Yes,No,No,
s4233.dat,S4233-136-84,coordinates,Yes,Yes,No,No,
s4310.dat,S4310,coordinates,Yes,Yes,No,No,
s4320.dat,S4320,coordinates,Yes,Yes,No,No,
s5010.dat,S5010,coordinates,Yes,Yes,No,No,
s5020.dat,S5020,coordinates,Yes,Yes,No,No,
s6061.dat,S6061 9%,coordinates,Yes,Yes,No,No,
s6062.dat,S6062 8%,coordinates,Yes,Yes,No,No,
s6063.dat,S6063 7.05%,coordinates,Yes,Yes,No,No,
s7012.dat,S7012 8.75%,coordinates,Yes,Yes,No,No,
s7055.dat,S7055 (10.5%) Flat-Bottomed,coordinates,Yes,Yes,No,No,
s7075.dat,S7075 (9%),coordinates,Yes,Yes,No,No,
s8021.dat,S8021 (7.6%),coordinates,Yes,Yes,No,No,
s8023.dat,S8023 (7.6%),coordinates,Yes,Yes,No,No,
s8025.dat,S8025 (8%),coordinates,Yes,Yes,No,No,
s8035.dat,S8035 for RC aerobatic  14% thick,coordinates,Yes,Yes,No,No,
s8036.dat,S8036 (16%),coordinates,Yes,Yes,No,No,
s8037.dat,S8037 (16%),coordinates,Yes,Yes,No,No,
s8038.dat,S8038 (13%),coordinates,Yes,Yes,No,No,
s8052.dat,S8052 (11.88%),coordinates,Yes,Yes,No,No,
s8055.dat,S8055 (12%),coordinates,Yes,Yes,No,No,
s8064.dat,S8064,coordinates,Yes,Yes,No,No,
s8065.dat,S8065 (11% version of S8064),coordinates,Yes,Yes,No,No,
s8066.dat,S8066 (10% version of S8065 w/ lower surface aerodynamically similar),coordinates,Yes,Yes,No,No,
s9000.dat,S9000 (9%),coordinates,Yes,Yes,No,No,
s9026.dat,S9026 (9.5%),coordinates,Yes,Yes,No,No,
s9027.dat,S9027 (8%),coordinates,Yes,Yes,No,No,
s9032.dat,S9032 (9%),coordinates,Yes,Yes,No,No,
s9033.dat,S9033 (7.5%),coordinates,Yes,Yes,No,No,
s9037.dat,S9037 (9%),coordinates,Yes,Yes,No,No,
s9104.dat,S9104,coordinates,Yes,Yes,No,No,
s9104BTE.dat,S9104BTE,coordinates,Yes,Yes,No,No,
sa7024.dat,SA7024,coordinates,Yes,Yes,No,No,
sa7025.dat,SA7025,coordinates,Yes,Yes,No,No,
sa7026.dat,SA7026,coordinates,Yes,Yes,No,No,
sa7035.dat,SA7035,coordinates,Yes,Yes,No,No,
sa7036.dat,SA7036,coordinates,Yes,Yes,No,No,
sa7038.dat,SA7038,coordinates,Yes,Yes,No,No,
saratov.dat,SARATOV AIRFOIL,coordinates,Yes,Yes,No,No,
sc1012r8.dat,SIKORSKY SC1012R8 AIRFOIL,coordinates,Yes,Yes,No,No,
sc1094r8.dat,SIKORSKY SC1094 R8 AIRFOIL,coordinates,Yes,Yes,No,No,
sc1095.dat,SIKORSKY SC1095 AIRFOIL,coordinates,Yes,Yes,No,No,
sc1095r8.dat,SIKORSKY SC1095R8 AIRFOIL,coordinates,Yes,Yes,No,No,
sc20010.dat,NASA SC(2)-0010 AIRFOIL,coordinates,Yes,Yes,No,No,
sc20012.dat,NASA SC(2)-0012 AIRFOIL,coordinates,Yes,Yes,No,No,
sc20402.dat,NASA SC(2)-0402 AIRFOIL,coordinates,Yes,Yes,No,No,
sc20403.dat,NASA SC(2)-0403 AIRFOIL,coordinates,Yes,Yes,No,No,
sc20404.dat,NASA SC(2)-0404 AIRFOIL,coordinates,Yes,Yes,No,No,
sc20406.dat,NASA SC(2)-0406 AIRFOIL,coordinates,Yes,Yes,No,No,
sc20410.dat,NASA SC(2)-0410 AIRFOIL,coordinates,Yes,Yes,No,No,
sc20412.dat,NASA SC(2)-0412 AIRFOIL,coordinates,Yes,Yes,No,No,
sc20414.dat,NASA SC(2)-0414 AIRFOIL,coordinates,Yes,Yes,No,No,
sc20503.dat,NASA SC(2)-0503 AIRFOIL,coordinates,Yes,Yes,No,No,
sc20518.dat,NASA SC(2)-0518 AIRFOIL,coordinates,Yes,Yes,No,No,
sc20606.dat,NASA SC(2)-0606 AIRFOIL,coordinates,Yes,Yes,No,No,
sc20610.dat,NASA SC(2)-0610 AIRFOIL,coordinates,Yes,Yes,No,No,
sc20612.dat,NASA SC(2)-0612 AIRFOIL,coordinates,Yes,Yes,No,No,
sc20614.dat,NASA SC(2)-0614 AIRFOIL,coordinates,Yes,Yes,No,No,
sc20706.dat,NASA SC(2)-0706 AIRFOIL,coordinates,Yes,Yes,No,No,
sc20710.dat,NASA SC(2)-0710 AIRFOIL,coordinates,Yes,Yes,No,No,
sc20712.dat,NASA SC(2)-0712 AIRFOIL,coordinates,Yes,Yes,No,No,
sc20714.dat,NASA SC(2)-0714 AIRFOIL,coordinates,Yes,Yes,No,No,
sc21006.dat,NASA SC(2)-1006 AIRFOIL,coordinates,Yes,Yes,No,No,
sc21010.dat,NASA SC(2)-1010 AIRFOIL,coordinates,Yes,Yes,No,No,
sc2110.dat,SIKORSKY SC2110 AIRFOIL,coordinates,Yes,Yes,No,No,
sd2030.dat,SD2030-086-88,coordinates,Yes,Yes,No,No,
sd2083.dat,SD2083 (9.0%),coordinates,Yes,Yes,No,No,
sd5060.dat,SD5060 (9.5%),coordinates,Yes,Yes,No,No,
sd6060.dat,SD6060-104-88,coordinates,Yes,Yes,No,No,
sd6080.dat,SD6080 (9.2%),coordinates,Yes,Yes,No,No,
sd7003.dat,SD7003-085-88,coordinates,Yes,Yes,No,No,
sd7032.dat,SD7032-099-88,coordinates,Yes,Yes,No,No,
sd7034.dat,SD7034,coordinates,Yes,Yes,No,No,
sd7037.dat,SD7037-092-88,coordinates,Yes,Yes,No,No,
sd7043.dat,SD7043 (9.1%),coordinates,Yes,Yes,No,No,
sd7062.dat,SD7062 (14%),coordinates,Yes,Yes,No,No,
sd7080.dat,SD7080 (9.2%),coordinates,Yes,Yes,No,No,
sd7084.dat,SD7084 (9.6%),coordinates,Yes,Yes,No,No,
sd7090.dat,SD7090 (10%),coordinates,Yes,Yes,No,No,
sd8000.dat,SD8000-089-88,coordinates,Yes,Yes,No,No,
sd8020.dat,SD8020-010-88,coordinates,Yes,Yes,No,No,
sd8040.dat,SD8040 (10%),coordinates,Yes,Yes,No,No,
sg6040.dat,SG6040,coordinates,Yes,Yes,No,No,
sg6041.dat,SG6041,coordinates,Yes,Yes,No,No,
sg6042.dat,SG6042,coordinates,Yes,Yes,No,No,
sg6043.dat,SG6043,coordinates,Yes,Yes,No,No,
sg6050.dat,SG6050,coordinates,Yes,Yes,No,No,
sg6051.dat,SG6051,coordinates,Yes,Yes,No,No,
sm701.dat,SM701,coordinates,Yes,Yes,No,No,
sokolov.dat,SOKOLOV AIRFOIL,coordinates,Yes,Yes,No,No,
sp4621hp.dat,SP4621HP,coordinates,Yes,Yes,No,No,
sp4721bs.dat,SP4721BS,coordinates,Yes,Yes,No,No,
sp4721la.dat,SP4721LA,coordinates,Yes,Yes,No,No,
spicasm.dat,SPICA  11.73% smoothed,coordinates,Yes,Yes,No,No,
ssca07.dat,SIKORSKY SSC-A07 AIRFOIL,coordinates,Yes,Yes,No,No,
ssca09.dat,SIKORSKY SSC-A09  AIRFOIL,coordinates,Yes,Yes,No,No,
stcyr171.dat,St. CYR 171 (Royer),coordinates,Yes,Yes,No,No,
stcyr172.dat,St. CYR 172 (Royer),coordinates,Yes,Yes,No,No,
stcyr234.dat,St. CYR 234 (Bartel 17-IC),coordinates,Yes,Yes,No,No,
stcyr24.dat,St. CYR 24 (Bartel 35-IIIC),coordinates,Yes,Yes,No,No,
ste87151.dat,EPPLER STE 871-514 AIRFOIL,coordinates,Yes,Yes,No,No,
ste87391.dat,EPPLER STE 87(-3)-914 AIRFOIL,coordinates,Yes,Yes,No,No,
stf86361.dat,EPPLER STF 863-615 AIRFOIL,coordinates,Yes,Yes,No,No,
strand.dat,STRAND AIRFOIL,coordinates,Yes,Yes,No,No,
supermarine371i.dat,Supermarine 371-I (root),coordinates,Yes,Yes,No,No,
supermarine371ii.dat,Supermarine 371-II (tip),coordinates,Yes,Yes,No,No,
t16.dat,Drela T16,coordinates,Yes,Yes,No,No,
tempest1.dat,HAWKER TEMPEST 37.5% SEMISPAN AIRFOIL,coordinates,Yes,Yes,No,No,
tempest2.dat,HAWKER TEMPEST 61% SEMISPAN AIRFOIL,coordinates,Yes,Yes,No,No,
tempest3.dat,HAWKER TEMPEST 96.77% SEMISPAN AIRFOIL,coordinates,Yes,Yes,No,No,
th25816.dat,TH 25816 HALE AIRFOIL,coordinates,Yes,Yes,No,No,
trainer60.dat,TRAINER60,coordinates,Yes,Yes,No,No,
tsagi12.dat,TsAGI 12% AIRFOIL,coordinates,Yes,Yes,No,No,
tsagi8.dat,TsAGI 8% AIRFOIL,coordinates,Yes,Yes,No,No,
tsagi_r3a.dat,TsAGI R-3a (12%),coordinates,Yes,Yes,No,No,
ua2-180.dat,UA(2)-180 (University of Alberta/Marsden),coordinates,Yes,Yes,No,No,
ua2-180sm.dat,UA(2)-180 smoothed; original ycoord oscillate +-0.0003,coordinates,Yes,Yes,No,No,
ua79sf18.dat,UNIVERSITY OF ALBERTA UA 79-SF-187 AIRFOIL,coordinates,Yes,Yes,No,No,
ua79sff.dat,UNIVERSITY OF ALBERTA UA 79-SF-187 AIRFOIL MAIN ELEMENT,coordinates,Yes,Yes,No,No,
ua79sfm.dat,UNIVERSITY OF ALBERTA UA 79-SF-187 AIRFOIL MAIN ELEMENT,coordinates,Yes,Yes,No,No,
uag8814320.dat,UAG 88-143/20,coordinates,Yes,Yes,No,No,
ui1720.dat,UNIVERSITY OF ILLINOIS UI-1720 AIRFOIL,coordinates,Yes,Yes,No,No,
ultimate.dat,ULTIMATE,coordinates,Yes,Yes,No,No,
us1000root.dat,US1000ROOT,coordinates,Yes,Yes,No,No,
usa22.dat,USA 22 AIRFOIL,coordinates,Yes,Yes,No,No,
usa25.dat,USA 25 AIRFOIL,coordinates,Yes,Yes,No,No,
usa26.dat,USA 26 AIRFOIL,coordinates,Yes,Yes,No,No,
usa27.dat,USA 27 AIRFOIL,coordinates,Yes,Yes,No,No,
usa27m2.dat,USA 27 mod. AIRFOIL,coordinates,Yes,Yes,No,No,
usa28.dat,USA 28 AIRFOIL,coordinates,Yes,Yes,No,No,
usa29.dat,USA 29 AIRFOIL,coordinates,Yes,Yes,No,No,
usa31.dat,USA 31 AIRFOIL,coordinates,Yes,Yes,No,No,
usa32.dat,USA 32 AIRFOIL,coordinates,Yes,Yes,No,No,
usa33.dat,USA 33 AIRFOIL,coordinates,Yes,Yes,No,No,
usa34.dat,USA 34 AIRFOIL,coordinates,Yes,Yes,No,No,
usa35.dat,USA 35 AIRFOIL,coordinates,Yes,Yes,No,No,
usa35a.dat,USA 35 A AIRFOIL,coordinates,Yes,Yes,No,No,
usa35b.dat,USA-35B AIRFOIL,coordinates,Yes,Yes,No,No,
usa40.dat,USA 40 AIRFOIL,coordinates,Yes,Yes,No,No,
usa40b.dat,USA 40 B AIRFOIL,coordinates,Yes,Yes,No,No,
usa41.dat,USA 41 AIRFOIL,coordinates,Yes,Yes,No,No,
usa45.dat,USA 45 AIRFOIL,coordinates,Yes,Yes,No,No,
usa45m.dat,USA 45 M AIRFOIL,coordinates,Yes,Yes,No,No,
usa46.dat,USA 46 AIRFOIL,coordinates,Yes,Yes,No,No,
usa48.dat,USA 48 AIRFOIL,coordinates,Yes,Yes,No,No,
usa49.dat,USA 49 AIRFOIL,coordinates,Yes,Yes,No,No,
usa5.dat,USA 5 AIRFOIL,coordinates,Yes,Yes,No,No,
usa50.dat,USA 50 AIRFOIL,coordinates,Yes,Yes,No,No,
usa51.dat,USA 51 AIRFOIL,coordinates,Yes,Yes,No,No,
usa98.dat,USA 98 AIRFOIL,coordinates,Yes,Yes,No,No,
usnps4.dat,USNPS4 (smoothed),coordinates,Yes,Yes,No,No,
v13006.dat,BOEING VERTOL V13006-.7 AIRFOIL,coordinates,Yes,Yes,No,No,
v13009.dat,BOEING VERTOL V(1.95)3009-1.25 AIRFOIL,coordinates,Yes,Yes,No,No,
v23010.dat,BOEING-VERTOL V23010-1.58 AIRFOIL,coordinates,Yes,Yes,No,No,
v43012.dat,BOEING VERTOL V43012-1.58 AIRFOIL,coordinates,Yes,Yes,No,No,
v43015.dat,BOEING VERTOL V43015-2.48 AIRFOIL,coordinates,Yes,Yes,No,No,
vr1.dat,BOEING-VERTOL VR-1 AIRFOIL,coordinates,Yes,Yes,No,No,
vr11x.dat,BOEING-VERTOL VR-11X AIRFOIL,coordinates,Yes,Yes,No,No,
vr12.dat,BOEING-VERTOL VR-12 AIRFOIL,coordinates,Yes,Yes,No,No,
vr13.dat,BOEING-VERTOL VR-13 AIRFOIL,coordinates,Yes,Yes,No,No,
vr14.dat,BOEING-VERTOL VR-14 AIRFOIL,coordinates,Yes,Yes,No,No,
vr15.dat,BOEING-VERTOL VR-15 AIRFOIL,coordinates,Yes,Yes,No,No,
vr5.dat,BOEING-VERTOL VR-5 AIRFOIL,coordinates,Yes,Yes,No,No,
vr7.dat,BOEING-VERTOL VR-7 AIRFOIL,coordinates,Yes,Yes,No,No,
vr7b.dat,BOEING-VERTOL VR-7 AIRFOIL WITH TAB,coordinates,Yes,Yes,No,No,
vr8.dat,BOEING-VERTOL VR-8 AIRFOIL,coordinates,Yes,Yes,No,No,
vr8b.dat,BOEING-VERTOL VR-8 AIRFOIL WITH TAB,coordinates,Yes,Yes,No,No,
vr9.dat,BOEING-VERTOL VR-9 AIRFOIL,coordinates,Yes,Yes,No,No,
w1011.dat,W1011,coordinates,Yes,Yes,No,No,
w1015.dat,W1015,coordinates,Yes,Yes,No,No,
waspsm.dat,WASP (smoothed),coordinates,Yes,Yes,No,No,
wb13535sm.dat,WB-135/35  13.5%  smoothed,coordinates,Yes,Yes,No,No,
wb140.dat,WB-140/35/FB 14%,coordinates,Yes,Yes,No,No,
whitcomb.dat,WHITCOMB INTEGRAL SUPERCRITICAL AIRFOIL,coordinates,Yes,Yes,No,No,
ys900.dat,YS-900,coordinates,Yes,Yes,No,No,
ys915.dat,YS-915,coordinates,Yes,Yes,No,No,
ys920.dat,YS-920,coordinates,Yes,Yes,No,No,
ys930.dat,YS-930,coordinates,Yes,Yes,No,No,
zv15_35.dat,Zv(15-35)16,coordinates,Yes,Yes,No,No,
